"ATG","BrOr1","BrOr2","BrOr3"
"AT1G02780","BraA10g02320R","BraA08g34810R","BraA09g64870R"
"AT1G02860","BraA10g02400R","BraA09g64800R","BraA09g64810R"
"AT1G03270","BraA10g02690R","BraA09g64600R","BraA09g64610R"
"AT1G03550","BraA10g02880R","BraA08g34570R","BraA09g64580R"
"AT1G03630","BraA10g02930R","BraA08g34520R","BraA08g34530R"
"AT1G03860","BraA10g03140R","BraA08g34450R","BraA09g64440R"
"AT1G04250","BraA10g03430R","BraA08g34320R","BraA09g64220R"
"AT1G04300","BraA10g03460R","BraA08g34280R","BraA09g64200R"
"AT1G04350","BraA10g03500R","BraA08g34250R","BraA09g64180R"
"AT1G04480","BraA10g03610R","BraA08g34180R","BraA09g64100R"
"AT1G04590","BraA10g03720R","BraA09g64040R","BraA09g64050R"
"AT1G04640","BraA10g03790R","BraA08g34100R","BraA08g34110R"
"AT1G04680","BraA10g03840R","BraA08g34060R","BraA09g63980R"
"AT1G05180","BraA10g04360R","BraA08g33860R","BraA09g63850R"
"AT1G05260","BraA10g04420R","BraA09g63770R","BraA09g63780R"
"AT1G05660","BraA10g04960R","BraA08g33720R","BraA08g33730R"
"AT1G05850","BraA10g05070R","BraA08g33640R","BraA08g33650R"
"AT1G05910","BraA10g05140R","BraA09g63530R","BraA09g63540R"
"AT1G06040","BraA10g05180R","BraA08g33580R","BraA09g63490R"
"AT1G06070","BraA10g05200R","BraA08g33560R","BraA08g33570R"
"AT1G06230","BraA10g05410R","BraA08g33510R","BraA09g63390R"
"AT1G06280","BraA10g05470R","BraA08g33480R","BraA09g63380R"
"AT1G06700","BraA10g05730R","BraA09g63190R","BraA09g63200R"
"AT1G06890","BraA10g05870R","BraA08g33320R","BraA09g63090R"
"AT1G06980","BraA10g05910R","BraA08g33290R","BraA09g63030R"
"AT1G07110","BraA10g06040R","BraA08g33250R","BraA09g62990R"
"AT1G07135","BraA10g06060R","BraA08g33220R","BraA09g62980R"
"AT1G07140","BraA10g06080R","BraA08g33210R","BraA09g62970R"
"AT1G07410","BraA10g06460R","BraA08g33140R","BraA09g62830R"
"AT1G07420","BraA10g06470R","BraA08g33130R","BraA09g62820R"
"AT1G07480","BraA10g06520R","BraA08g33100R","BraA09g62780R"
"AT1G07520","BraA10g06560R","BraA08g33060R","BraA09g62760R"
"AT1G07770","BraA06g05310R","BraA08g32960R","BraA09g62670R"
"AT1G07890","BraA06g05470R","BraA08g32870R","BraA09g62600R"
"AT1G07985","BraA06g05560R","BraA08g32850R","BraA09g62540R"
"AT1G08160","BraA06g05740R","BraA08g32760R","BraA09g62460R"
"AT1G08200","BraA06g05790R","BraA08g32740R","BraA09g62450R"
"AT1G08370","BraA06g05910R","BraA08g32690R","BraA09g62380R"
"AT1G08380","BraA06g05920R","BraA08g32680R","BraA09g62370R"
"AT1G08420","BraA06g05950R","BraA08g32660R","BraA09g62360R"
"AT1G08465","BraA06g05970R","BraA08g32630R","BraA09g62330R"
"AT1G08510","BraA06g06000R","BraA08g32600R","BraA09g62310R"
"AT1G08730","BraA06g06170R","BraA08g32500R","BraA08g32510R"
"AT1G08820","BraA06g06240R","BraA08g32460R","BraA09g62180R"
"AT1G08880","BraA06g06260R","BraA08g32450R","BraA09g62130R"
"AT1G08930","BraA06g06280R","BraA08g32400R","BraA09g62100R"
"AT1G09020","BraA06g06330R","BraA08g32360R","BraA09g62060R"
"AT1G09070","BraA06g06380R","BraA08g32330R","BraA09g62040R"
"AT1G09520","BraA06g06720R","BraA08g32080R","BraA09g61940R"
"AT1G09540","BraA06g06740R","BraA08g32060R","BraA09g61920R"
"AT1G09560","BraA06g06760R","BraA08g32040R","BraA09g61900R"
"AT1G09600","BraA06g06820R","BraA08g32000R","BraA09g61880R"
"AT1G09640","BraA06g06840R","BraA08g31980R","BraA09g61860R"
"AT1G09690","BraA06g06880R","BraA08g31950R","BraA09g61800R"
"AT1G09760","BraA06g06940R","BraA08g31870R","BraA09g61790R"
"AT1G09935","BraA06g07140R","BraA08g31770R","BraA09g61750R"
"AT1G09970","BraA06g07170R","BraA08g31760R","BraA09g61710R"
"AT1G10010","BraA06g07190R","BraA09g61680R","BraA09g61690R"
"AT1G10020","BraA06g07200R","BraA08g31740R","BraA08g31750R"
"AT1G10140","BraA06g07250R","BraA08g31670R","BraA09g61630R"
"AT1G10220","BraA06g07340R","BraA08g31600R","BraA09g61590R"
"AT1G10290","BraA06g07380R","BraA08g31550R","BraA09g61550R"
"AT1G10470","BraA06g07560R","BraA08g31460R","BraA09g61490R"
"AT1G10590","BraA06g07760R","BraA08g31380R","BraA09g61430R"
"AT1G10770","BraA06g07890R","BraA08g31300R","BraA09g61310R"
"AT1G10840","BraA06g07920R","BraA08g31280R","BraA09g61270R"
"AT1G11060","BraA06g08040R","BraA09g61170R","BraA09g61180R"
"AT1G11250","BraA06g08160R","BraA08g31110R","BraA09g61110R"
"AT1G11660","BraA06g08470R","BraA08g30900R","BraA09g60900R"
"AT1G11770","BraA06g08560R","BraA09g60850R","BraA09g60860R"
"AT1G11925","BraA06g09760R","BraA09g60690R","BraA09g60710R"
"AT1G12070","BraA06g09850R","BraA08g30630R","BraA09g60650R"
"AT1G12120","BraA06g09500R","BraA08g30550R","BraA09g60610R"
"AT1G12260","BraA06g09440R","BraA08g30500R","BraA09g60480R"
"AT1G12310","BraA06g09400R","BraA08g30470R","BraA09g60430R"
"AT1G12380","BraA06g09360R","BraA08g30420R","BraA09g60400R"
"AT1G12560","BraA06g09190R","BraA08g30340R","BraA09g60290R"
"AT1G12610","BraA06g09160R","BraA08g30300R","BraA09g60270R"
"AT1G12680","BraA06g09110R","BraA08g30270R","BraA09g60230R"
"AT1G12840","BraA06g08990R","BraA08g30180R","BraA09g60160R"
"AT1G12920","BraA06g08920R","BraA08g30150R","BraA08g30160R"
"AT1G13290","BraA06g08690R","BraA09g59790R","BraA09g59800R"
"AT1G13300","BraA06g08660R","BraA08g29990R","BraA09g59210R"
"AT1G13440","BraA06g09690R","BraA08g29920R","BraA09g59860R"
"AT1G13900","BraA06g09990R","BraA08g29850R","BraA09g59520R"
"AT1G14000","BraA06g10050R","BraA09g59450R","BraA09g59460R"
"AT1G14020","BraA06g10060R","BraA08g29750R","BraA08g29760R"
"AT1G14100","BraA06g10150R","BraA09g59380R","BraA09g59390R"
"AT1G14130","BraA06g10180R","BraA08g29720R","BraA09g59370R"
"AT1G14320","BraA06g10300R","BraA08g29660R","BraA09g59190R"
"AT1G14685","BraA06g10670R","BraA08g29490R","BraA09g58920R"
"AT1G14710","BraA06g10690R","BraA08g29460R","BraA09g58890R"
"AT1G14750","BraA06g10720R","BraA08g29450R","BraA09g58860R"
"AT1G15120","BraA06g11000R","BraA08g29370R","BraA09g58620R"
"AT1G15360","BraA06g11190R","BraA08g29270R","BraA09g58540R"
"AT1G15380","BraA06g11210R","BraA08g29260R","BraA09g58520R"
"AT1G15430","BraA06g11290R","BraA08g29220R","BraA09g58460R"
"AT1G16170","BraA06g11840R","BraA08g29060R","BraA09g58100R"
"AT1G16190","BraA06g11870R","BraA09g58070R","BraA09g58080R"
"AT1G16310","BraA06g11940R","BraA09g58020R","BraA09g58030R"
"AT1G16570","BraA06g12220R","BraA09g57950R","BraA09g57960R"
"AT1G16760","BraA06g12350R","BraA08g28920R","BraA09g57870R"
"AT1G16880","BraA06g12440R","BraA08g28860R","BraA08g28870R"
"AT1G17060","BraA06g12540R","BraA08g28810R","BraA09g57730R"
"AT1G17090","BraA06g12570R","BraA08g28790R","BraA09g57700R"
"AT1G17180","BraA06g12660R","BraA09g57630R","BraA09g57640R"
"AT1G17280","BraA06g12740R","BraA08g28660R","BraA09g57610R"
"AT1G17380","BraA06g12830R","BraA08g28640R","BraA09g57530R"
"AT1G17520","BraA06g12900R","BraA08g28570R","BraA09g57470R"
"AT1G17620","BraA06g12970R","BraA08g28510R","BraA08g28520R"
"AT1G17710","BraA06g13050R","BraA08g28490R","BraA09g55110R"
"AT1G17860","BraA06g13400R","BraA08g28360R","BraA08g28370R"
"AT1G18070","BraA06g13530R","BraA08g28270R","BraA09g55000R"
"AT1G18150","BraA06g13570R","BraA08g28210R","BraA09g54970R"
"AT1G18290","BraA06g13680R","BraA08g28140R","BraA09g54900R"
"AT1G18370","BraA06g13750R","BraA09g54880R","BraA09g54890R"
"AT1G18520","BraA06g13880R","BraA08g28030R","BraA09g54820R"
"AT1G18540","BraA06g13900R","BraA08g28020R","BraA09g54810R"
"AT1G18570","BraA06g13920R","BraA08g28010R","BraA09g54800R"
"AT1G18860","BraA06g14240R","BraA08g27780R","BraA09g54650R"
"AT1G18950","BraA06g14340R","BraA08g27750R","BraA09g54610R"
"AT1G18980","BraA06g14360R","BraA09g54590R","BraA09g54600R"
"AT1G19110","BraA06g14420R","BraA08g27670R","BraA09g54540R"
"AT1G19190","BraA06g14450R","BraA08g27610R","BraA09g54500R"
"AT1G19210","BraA06g14500R","BraA08g27600R","BraA09g54490R"
"AT1G19320","BraA06g14590R","BraA08g27540R","BraA09g54450R"
"AT1G19360","BraA06g14650R","BraA08g27510R","BraA08g27520R"
"AT1G19440","BraA06g14700R","BraA09g54310R","BraA09g54320R"
"AT1G19860","BraA06g15060R","BraA08g27320R","BraA08g27330R"
"AT1G19910","BraA06g15130R","BraA07g15030R","BraA08g27290R"
"AT1G20090","BraA06g15240R","BraA07g14910R","BraA08g27200R"
"AT1G20190","BraA06g15350R","BraA07g14820R","BraA08g27150R"
"AT1G20620","BraA06g15680R","BraA07g14660R","BraA08g27020R"
"AT1G20670","BraA06g15720R","BraA07g14620R","BraA08g26990R"
"AT1G20823","BraA06g15840R","BraA07g14560R","BraA08g26880R"
"AT1G20850","BraA06g15870R","BraA07g14550R","BraA08g26860R"
"AT1G20900","BraA06g15930R","BraA07g14500R","BraA08g26830R"
"AT1G20910","BraA06g15940R","BraA07g14490R","BraA08g26820R"
"AT1G21000","BraA06g16040R","BraA07g14440R","BraA08g26800R"
"AT1G21010","BraA06g16050R","BraA07g14430R","BraA08g26790R"
"AT1G21050","BraA06g16080R","BraA07g14420R","BraA08g26780R"
"AT1G21070","BraA06g16110R","BraA08g26760R","BraA08g26770R"
"AT1G21140","BraA06g16190R","BraA07g14380R","BraA08g26720R"
"AT1G21750","BraA06g16790R","BraA07g14160R","BraA08g26410R"
"AT1G21830","BraA06g16840R","BraA07g14150R","BraA08g26400R"
"AT1G21880","BraA06g16970R","BraA08g26370R","BraA08g26380R"
"AT1G21910","BraA09g39340R","BraA07g14100R","BraA08g26360R"
"AT1G21920","BraA09g39320R","BraA07g14090R","BraA08g26350R"
"AT1G21970","BraA09g39290R","BraA07g14070R","BraA08g26330R"
"AT1G22110","BraA09g39190R","BraA07g14030R","BraA08g26240R"
"AT1G22220","BraA09g39100R","BraA07g13950R","BraA08g26210R"
"AT1G22490","BraA09g38950R","BraA07g13810R","BraA08g26100R"
"AT1G22850","BraA09g38620R","BraA07g13610R","BraA07g13620R"
"AT1G23120","BraA09g38390R","BraA08g25940R","BraA08g25950R"
"AT1G23260","BraA09g38280R","BraA07g13370R","BraA08g25890R"
"AT1G23290","BraA09g38240R","BraA07g13360R","BraA08g25880R"
"AT1G23310","BraA09g38220R","BraA07g13350R","BraA08g25870R"
"AT1G23350","BraA09g38100R","BraA07g13340R","BraA08g25840R"
"AT1G23530","BraA09g37950R","BraA07g13290R","BraA08g25790R"
"AT1G24360","BraA09g35670R","BraA07g12040R","BraA08g24430R"
"AT1G24440","BraA09g35700R","BraA07g12060R","BraA08g24440R"
"AT1G24510","BraA09g35760R","BraA07g12120R","BraA08g24460R"
"AT1G24520","BraA09g35770R","BraA07g12140R","BraA08g24480R"
"AT1G24530","BraA09g35780R","BraA07g12150R","BraA08g24490R"
"AT1G24575","BraA09g35830R","BraA07g12230R","BraA08g24510R"
"AT1G24620","BraA09g35910R","BraA07g12260R","BraA08g24570R"
"AT1G25220","BraA09g35930R","BraA07g12310R","BraA08g24630R"
"AT1G25260","BraA09g35990R","BraA07g12340R","BraA08g24650R"
"AT1G25280","BraA09g36070R","BraA07g12390R","BraA08g24680R"
"AT1G25290","BraA09g36090R","BraA08g24690R","BraA08g24700R"
"AT1G25440","BraA09g36270R","BraA07g12530R","BraA08g24790R"
"AT1G25490","BraA09g36330R","BraA07g12540R","BraA08g24810R"
"AT1G25520","BraA09g36340R","BraA07g12560R","BraA08g24850R"
"AT1G26190","BraA09g36600R","BraA08g24990R","BraA08g25000R"
"AT1G26480","BraA09g36730R","BraA07g12760R","BraA08g25170R"
"AT1G26945","BraA09g37140R","BraA07g12910R","BraA08g25450R"
"AT1G27100","BraA09g37280R","BraA07g13030R","BraA08g25530R"
"AT1G27150","BraA09g37320R","BraA07g13070R","BraA08g08740R"
"AT1G27200","BraA09g37410R","BraA08g25560R","BraA08g25570R"
"AT1G27330","BraA09g35550R","BraA07g11900R","BraA08g24330R"
"AT1G27390","BraA09g35480R","BraA07g11840R","BraA08g24280R"
"AT1G27530","BraA09g35400R","BraA07g11680R","BraA08g24210R"
"AT1G27740","BraA09g35280R","BraA07g11590R","BraA08g24090R"
"AT1G27970","BraA09g35160R","BraA07g11520R","BraA08g24000R"
"AT1G28050","BraA09g35070R","BraA07g11510R","BraA08g23980R"
"AT1G28070","BraA09g34990R","BraA07g11500R","BraA08g23960R"
"AT1G28160","BraA09g34880R","BraA07g11440R","BraA08g23920R"
"AT1G28230","BraA09g34810R","BraA08g23780R","BraA08g23790R"
"AT1G28270","BraA09g34760R","BraA07g11380R","BraA08g23710R"
"AT1G28310","BraA09g34720R","BraA07g11320R","BraA08g23690R"
"AT1G28360","BraA09g34670R","BraA07g11280R","BraA08g23670R"
"AT1G28440","BraA09g34590R","BraA07g06800R","BraA08g23510R"
"AT1G28490","BraA09g34520R","BraA07g06890R","BraA08g23500R"
"AT1G29070","BraA09g34330R","BraA07g07040R","BraA08g23380R"
"AT1G29140","BraA09g34290R","BraA07g07100R","BraA08g23360R"
"AT1G29150","BraA09g34280R","BraA07g07110R","BraA08g23350R"
"AT1G29160","BraA09g34270R","BraA07g07120R","BraA08g23340R"
"AT1G29290","BraA09g34110R","BraA07g07240R","BraA08g23250R"
"AT1G29640","BraA09g33860R","BraA07g07400R","BraA08g23110R"
"AT1G29750","BraA09g33800R","BraA08g23030R","BraA08g23040R"
"AT1G29930","BraA09g33660R","BraA07g07590R","BraA08g22990R"
"AT1G30040","BraA09g33550R","BraA07g07620R","BraA08g22930R"
"AT1G30110","BraA09g33480R","BraA07g07630R","BraA08g22910R"
"AT1G30270","BraA09g33350R","BraA07g07680R","BraA08g22820R"
"AT1G30280","BraA09g33340R","BraA07g07720R","BraA08g22800R"
"AT1G30850","BraA09g32530R","BraA07g10140R","BraA08g10760R"
"AT1G31040","BraA09g32420R","BraA07g10200R","BraA08g10670R"
"AT1G31130","BraA09g32370R","BraA07g09970R","BraA08g10530R"
"AT1G31480","BraA09g31990R","BraA08g10380R","BraA08g10390R"
"AT1G31660","BraA09g31950R","BraA07g06770R","BraA07g09880R"
"AT1G31812","BraA09g31790R","BraA05g22620R","BraA08g10220R"
"AT1G31880","BraA09g31650R","BraA05g22580R","BraA08g09420R"
"AT1G33980","BraA09g30200R","BraA05g21610R","BraA08g08640R"
"AT1G34130","BraA09g30010R","BraA05g21450R","BraA05g21460R"
"AT1G35460","BraA09g29190R","BraA05g21180R","BraA08g08390R"
"AT1G35720","BraA09g29110R","BraA05g20970R","BraA08g08340R"
"AT1G44100","BraA10g07760R","BraA05g20240R","BraA08g06570R"
"AT1G47210","BraA10g07170R","BraA05g19940R","BraA08g06010R"
"AT1G47380","BraA10g07070R","BraA05g20120R","BraA08g05810R"
"AT1G48330","BraA06g04980R","BraA05g19590R","BraA08g05210R"
"AT1G48630","BraA06g04730R","BraA05g19490R","BraA08g04990R"
"AT1G49340","BraA06g04300R","BraA05g18400R","BraA05g19170R"
"AT1G50200","BraA06g03760R","BraA05g18820R","BraA08g03810R"
"AT1G50420","BraA06g03630R","BraA05g18760R","BraA08g03650R"
"AT1G50460","BraA06g03610R","BraA05g18690R","BraA08g03630R"
"AT1G50490","BraA06g03590R","BraA05g18670R","BraA08g03620R"
"AT1G50710","BraA06g03380R","BraA05g18530R","BraA05g18540R"
"AT1G51510","BraA06g02940R","BraA05g18050R","BraA08g03260R"
"AT1G51590","BraA06g02880R","BraA08g03220R","BraA08g03230R"
"AT1G51630","BraA06g02840R","BraA05g18020R","BraA08g03200R"
"AT1G51720","BraA06g02770R","BraA08g03140R","BraA08g03150R"
"AT1G51980","BraA06g02660R","BraA05g17700R","BraA08g03060R"
"AT1G52315","BraA06g02450R","BraA05g17550R","BraA05g17570R"
"AT1G52580","BraA06g02330R","BraA05g17380R","BraA05g17390R"
"AT1G52680","BraA06g02260R","BraA05g17350R","BraA08g02740R"
"AT1G52900","BraA06g02070R","BraA05g17270R","BraA08g02660R"
"AT1G53160","BraA06g01880R","BraA05g17080R","BraA05g17100R"
"AT1G53170","BraA06g01860R","BraA05g17060R","BraA08g02510R"
"AT1G53210","BraA06g01820R","BraA05g17020R","BraA08g02490R"
"AT1G53240","BraA06g01810R","BraA05g17010R","BraA08g02470R"
"AT1G53850","BraA06g01490R","BraA05g16520R","BraA08g02240R"
"AT1G55365","BraA06g01280R","BraA05g16140R","BraA08g01620R"
"AT1G55600","BraA06g01210R","BraA05g16070R","BraA08g01440R"
"AT1G55770","BraA06g01130R","BraA05g16020R","BraA08g01300R"
"AT1G56580","BraA09g18670R","BraA01g18990R","BraA03g60920R"
"AT1G58080","BraA09g17970R","BraA01g19520R","BraA03g61140R"
"AT1G58215","BraA09g18010R","BraA01g19680R","BraA01g19690R"
"AT1G58360","BraA09g18200R","BraA01g19890R","BraA03g60880R"
"AT1G59590","BraA09g17850R","BraA01g19990R","BraA01g20000R"
"AT1G59760","BraA09g17670R","BraA01g20080R","BraA01g20090R"
"AT1G60000","BraA09g17520R","BraA01g20240R","BraA01g20250R"
"AT1G60660","BraA09g17200R","BraA01g20770R","BraA01g20780R"
"AT1G66580","BraA07g33470R","BraA02g20380R","BraA07g28580R"
"AT1G67250","BraA07g30910R","BraA02g18350R","BraA07g29750R"
"AT1G67310","BraA07g30970R","BraA02g18400R","BraA07g29720R"
"AT1G67340","BraA07g30990R","BraA02g18430R","BraA07g29680R"
"AT1G67430","BraA07g31030R","BraA02g18480R","BraA07g29630R"
"AT1G67690","BraA07g31230R","BraA07g29550R","BraA07g29560R"
"AT1G67740","BraA07g31320R","BraA02g18680R","BraA07g29530R"
"AT1G67750","BraA07g31350R","BraA02g18700R","BraA07g29510R"
"AT1G67920","BraA07g31490R","BraA02g18780R","BraA07g29370R"
"AT1G68150","BraA07g31670R","BraA02g18940R","BraA02g18950R"
"AT1G68180","BraA07g31690R","BraA02g18990R","BraA07g29240R"
"AT1G68200","BraA07g31700R","BraA07g29190R","BraA07g29220R"
"AT1G68320","BraA07g31800R","BraA02g19070R","BraA07g29140R"
"AT1G68330","BraA07g31810R","BraA02g19080R","BraA07g29130R"
"AT1G68430","BraA07g31900R","BraA02g19190R","BraA07g29110R"
"AT1G68490","BraA07g31940R","BraA02g19250R","BraA07g29090R"
"AT1G68560","BraA07g32040R","BraA02g19330R","BraA07g29050R"
"AT1G68570","BraA07g32060R","BraA02g19360R","BraA07g29040R"
"AT1G68620","BraA07g32100R","BraA02g19390R","BraA07g29010R"
"AT1G68660","BraA07g32120R","BraA02g19420R","BraA07g28990R"
"AT1G68740","BraA07g32190R","BraA02g19450R","BraA07g28920R"
"AT1G68820","BraA07g32250R","BraA02g19540R","BraA02g19550R"
"AT1G68850","BraA07g32280R","BraA02g19600R","BraA07g28890R"
"AT1G68990","BraA07g32420R","BraA07g28840R","BraA07g28850R"
"AT1G69050","BraA07g32470R","BraA02g19770R","BraA07g28830R"
"AT1G69120","BraA07g32510R","BraA02g19800R","BraA07g28810R"
"AT1G69160","BraA07g32520R","BraA02g19810R","BraA02g19820R"
"AT1G69295","BraA07g32630R","BraA02g19910R","BraA07g28780R"
"AT1G69310","BraA07g32640R","BraA02g19920R","BraA07g28770R"
"AT1G69420","BraA07g32730R","BraA02g20010R","BraA07g28740R"
"AT1G69580","BraA07g32910R","BraA02g20230R","BraA07g28670R"
"AT1G69588","BraA07g32920R","BraA02g20240R","BraA07g28660R"
"AT1G69620","BraA07g32950R","BraA02g20270R","BraA07g28650R"
"AT1G69690","BraA07g33010R","BraA02g20350R","BraA07g28600R"
"AT1G69760","BraA07g33450R","BraA02g20400R","BraA07g28560R"
"AT1G69780","BraA07g33440R","BraA02g20430R","BraA07g28550R"
"AT1G69870","BraA07g33320R","BraA02g20470R","BraA07g28540R"
"AT1G69880","BraA07g33310R","BraA07g28520R","BraA07g28530R"
"AT1G69930","BraA07g33250R","BraA02g20510R","BraA07g28470R"
"AT1G70160","BraA07g33090R","BraA02g20590R","BraA07g28440R"
"AT1G70260","BraA07g33040R","BraA02g20630R","BraA07g28350R"
"AT1G70520","BraA07g33670R","BraA02g20820R","BraA02g20830R"
"AT1G70600","BraA07g33750R","BraA02g20900R","BraA07g28280R"
"AT1G70700","BraA07g33820R","BraA02g20980R","BraA07g28240R"
"AT1G71070","BraA07g34090R","BraA02g21250R","BraA07g28120R"
"AT1G71450","BraA07g34340R","BraA02g21420R","BraA07g27990R"
"AT1G71530","BraA07g34400R","BraA02g21400R","BraA07g27960R"
"AT1G71692","BraA07g34440R","BraA02g21390R","BraA07g27940R"
"AT1G71695","BraA07g34450R","BraA07g27920R","BraA07g27930R"
"AT1G71710","BraA07g34480R","BraA02g21340R","BraA07g27910R"
"AT1G71960","BraA07g34740R","BraA02g21690R","BraA07g27800R"
"AT1G71970","BraA07g34750R","BraA02g21700R","BraA07g27790R"
"AT1G72040","BraA07g34820R","BraA02g21740R","BraA02g21750R"
"AT1G72150","BraA07g34870R","BraA02g21860R","BraA07g27690R"
"AT1G72180","BraA07g34890R","BraA07g27650R","BraA07g27660R"
"AT1G72230","BraA07g34920R","BraA02g21930R","BraA02g21950R"
"AT1G72340","BraA07g35080R","BraA02g22070R","BraA02g22150R"
"AT1G72430","BraA07g35150R","BraA02g22190R","BraA07g27570R"
"AT1G72490","BraA07g35180R","BraA02g22240R","BraA07g27540R"
"AT1G72610","BraA07g35250R","BraA02g22310R","BraA07g27490R"
"AT1G72830","BraA07g35410R","BraA02g22460R","BraA07g27430R"
"AT1G72880","BraA07g35420R","BraA02g22480R","BraA07g27400R"
"AT1G73050","BraA07g35470R","BraA02g22570R","BraA02g22580R"
"AT1G73165","BraA07g35520R","BraA02g22640R","BraA07g27300R"
"AT1G73210","BraA07g35550R","BraA02g22690R","BraA07g27260R"
"AT1G73430","BraA07g35750R","BraA02g22770R","BraA02g22780R"
"AT1G73540","BraA07g35780R","BraA02g22830R","BraA02g22840R"
"AT1G73680","BraA07g35900R","BraA02g22900R","BraA07g27040R"
"AT1G73730","BraA07g35950R","BraA02g22940R","BraA07g27020R"
"AT1G74210","BraA07g36440R","BraA02g23190R","BraA07g26850R"
"AT1G74220","BraA07g36450R","BraA02g23200R","BraA07g26840R"
"AT1G74230","BraA07g36460R","BraA02g21940R","BraA02g23210R"
"AT1G74260","BraA07g36480R","BraA02g23230R","BraA07g26820R"
"AT1G74430","BraA07g36600R","BraA02g23280R","BraA07g26760R"
"AT1G74500","BraA07g36670R","BraA02g23330R","BraA07g26710R"
"AT1G74650","BraA07g36730R","BraA02g23390R","BraA07g26640R"
"AT1G74950","BraA07g36920R","BraA02g23490R","BraA07g26470R"
"AT1G75390","BraA07g37220R","BraA02g23760R","BraA07g26220R"
"AT1G75410","BraA07g37240R","BraA02g23780R","BraA07g26210R"
"AT1G75490","BraA07g37290R","BraA02g23840R","BraA07g26200R"
"AT1G75500","BraA07g37300R","BraA02g23850R","BraA07g26190R"
"AT1G75540","BraA07g37330R","BraA02g23890R","BraA07g26150R"
"AT1G75550","BraA07g37340R","BraA02g23910R","BraA07g26140R"
"AT1G75580","BraA07g37360R","BraA02g23930R","BraA07g26130R"
"AT1G75690","BraA07g37420R","BraA02g24050R","BraA02g24060R"
"AT1G75840","BraA07g37560R","BraA02g24170R","BraA07g26070R"
"AT1G76180","BraA07g37840R","BraA02g24330R","BraA07g26010R"
"AT1G76200","BraA07g37860R","BraA02g24350R","BraA07g25990R"
"AT1G76360","BraA07g38010R","BraA02g24480R","BraA07g25920R"
"AT1G76410","BraA07g38070R","BraA02g24520R","BraA07g25890R"
"AT1G76500","BraA07g38180R","BraA02g24560R","BraA07g25850R"
"AT1G76880","BraA07g38420R","BraA02g24780R","BraA07g25720R"
"AT1G76890","BraA07g38430R","BraA02g24790R","BraA07g25710R"
"AT1G77220","BraA07g38690R","BraA02g24930R","BraA02g24940R"
"AT1G77280","BraA07g38730R","BraA02g24960R","BraA02g24970R"
"AT1G77700","BraA07g38910R","BraA02g25250R","BraA07g25370R"
"AT1G77760","BraA07g38940R","BraA02g25320R","BraA07g25340R"
"AT1G77770","BraA07g38960R","BraA02g25340R","BraA07g25330R"
"AT1G78020","BraA07g39150R","BraA02g25410R","BraA07g25240R"
"AT1G78080","BraA07g39200R","BraA02g25440R","BraA07g25230R"
"AT1G78110","BraA07g39240R","BraA02g25490R","BraA07g25220R"
"AT1G78160","BraA07g39270R","BraA02g25530R","BraA02g25540R"
"AT1G78170","BraA07g39280R","BraA02g25550R","BraA07g25200R"
"AT1G78410","BraA07g39470R","BraA02g25650R","BraA07g25100R"
"AT1G78815","BraA07g39730R","BraA02g25890R","BraA07g25030R"
"AT1G79310","BraA07g40070R","BraA07g24780R","BraA07g24790R"
"AT1G79360","BraA07g40100R","BraA02g26190R","BraA02g26200R"
"AT1G79430","BraA07g40160R","BraA02g26260R","BraA07g24740R"
"AT1G79550","BraA07g40220R","BraA02g26360R","BraA07g24680R"
"AT1G80220","BraA07g24190R","BraA02g27040R","BraA07g40890R"
"AT1G80360","BraA07g24240R","BraA02g26950R","BraA07g40840R"
"AT1G80450","BraA07g24280R","BraA02g26890R","BraA07g40780R"
"AT1G80670","BraA07g24390R","BraA02g26660R","BraA07g40590R"
"AT1G80680","BraA07g24400R","BraA02g26640R","BraA02g26650R"
"AT1G80730","BraA07g24450R","BraA02g26620R","BraA07g40540R"
"AT1G80930","BraA07g24560R","BraA02g26450R","BraA07g40400R"
"AT1G80950","BraA07g24570R","BraA07g40380R","BraA07g40390R"
"AT2G01150","BraA06g38700R","BraA02g35340R","BraA09g22880R"
"AT2G01250","BraA06g38630R","BraA02g35450R","BraA09g22920R"
"AT2G01350","BraA06g38580R","BraA02g35560R","BraA02g35570R"
"AT2G01430","BraA06g38540R","BraA02g35630R","BraA09g23010R"
"AT2G01450","BraA06g38510R","BraA02g35650R","BraA09g23020R"
"AT2G01520","BraA06g38430R","BraA02g35740R","BraA09g23070R"
"AT2G01540","BraA06g38410R","BraA02g35750R","BraA09g23080R"
"AT2G01600","BraA06g38350R","BraA02g35780R","BraA09g23170R"
"AT2G01610","BraA06g38330R","BraA02g35800R","BraA09g23180R"
"AT2G01690","BraA06g38250R","BraA02g35850R","BraA09g23200R"
"AT2G01940","BraA06g38060R","BraA02g36170R","BraA09g23250R"
"AT2G02050","BraA06g38030R","BraA02g36220R","BraA09g23320R"
"AT2G02060","BraA06g38020R","BraA02g36230R","BraA09g23330R"
"AT2G02070","BraA06g38000R","BraA02g36240R","BraA09g23350R"
"AT2G02080","BraA06g37990R","BraA02g36250R","BraA09g23360R"
"AT2G02130","BraA06g37980R","BraA02g36260R","BraA09g23400R"
"AT2G02170","BraA06g37930R","BraA02g36300R","BraA09g23430R"
"AT2G02760","BraA06g37760R","BraA02g36620R","BraA09g23530R"
"AT2G02790","BraA06g37730R","BraA02g36630R","BraA09g23540R"
"AT2G02820","BraA06g37710R","BraA02g36650R","BraA02g36660R"
"AT2G02870","BraA06g37680R","BraA02g36690R","BraA09g23570R"
"AT2G03120","BraA06g37530R","BraA02g36810R","BraA09g23630R"
"AT2G03210","BraA06g37520R","BraA09g23690R","BraA09g23700R"
"AT2G03340","BraA06g37470R","BraA02g36920R","BraA02g37210R"
"AT2G03480","BraA06g37370R","BraA02g36970R","BraA09g23890R"
"AT2G03590","BraA06g37310R","BraA02g36990R","BraA09g23930R"
"AT2G03710","BraA06g37230R","BraA02g37030R","BraA09g23990R"
"AT2G04038","BraA06g37060R","BraA02g37380R","BraA09g24170R"
"AT2G04520","BraA07g11050R","BraA03g41120R","BraA03g41130R"
"AT2G07180","BraA09g27820R","BraA02g30460R","BraA02g30470R"
"AT2G07360","BraA10g09560R","BraA03g15120R","BraA03g15130R"
"AT2G14835","BraA07g05900R","BraA03g42060R","BraA09g10880R"
"AT2G15000","BraA07g05810R","BraA03g42110R","BraA03g42120R"
"AT2G16780","BraA07g04560R","BraA09g11360R","BraA09g11370R"
"AT2G16950","BraA07g04420R","BraA03g43320R","BraA09g11400R"
"AT2G17040","BraA07g04350R","BraA03g43250R","BraA09g11450R"
"AT2G17265","BraA07g04120R","BraA06g28840R","BraA09g11500R"
"AT2G17660","BraA07g03810R","BraA06g28530R","BraA09g11690R"
"AT2G17700","BraA07g03770R","BraA06g28510R","BraA09g11740R"
"AT2G17950","BraA07g03470R","BraA06g28320R","BraA09g11920R"
"AT2G18010","BraA07g03360R","BraA06g28290R","BraA09g11940R"
"AT2G18160","BraA07g03250R","BraA06g28240R","BraA09g12010R"
"AT2G18260","BraA07g03170R","BraA06g28200R","BraA06g28210R"
"AT2G18300","BraA07g03150R","BraA06g28190R","BraA09g12100R"
"AT2G18960","BraA07g02560R","BraA06g27950R","BraA09g12420R"
"AT2G19170","BraA07g02480R","BraA09g12520R","BraA09g12530R"
"AT2G19520","BraA07g02170R","BraA09g12650R","BraA09g54280R"
"AT2G19660","BraA07g01820R","BraA09g12730R","BraA09g12740R"
"AT2G19740","BraA07g02010R","BraA09g12770R","BraA09g54180R"
"AT2G19880","BraA07g01850R","BraA09g12880R","BraA09g54090R"
"AT2G20080","BraA07g01650R","BraA09g12910R","BraA09g54030R"
"AT2G20300","BraA07g01480R","BraA09g12980R","BraA09g53970R"
"AT2G20430","BraA07g01380R","BraA09g13100R","BraA09g53940R"
"AT2G20490","BraA07g01350R","BraA09g13130R","BraA09g53900R"
"AT2G20610","BraA07g01210R","BraA09g12830R","BraA09g53830R"
"AT2G20960","BraA09g53660R","BraA03g25390R","BraA03g25400R"
"AT2G21150","BraA09g53550R","BraA04g14800R","BraA04g14810R"
"AT2G21170","BraA09g53530R","BraA04g14820R","BraA04g14830R"
"AT2G21650","BraA09g53190R","BraA03g25330R","BraA04g15150R"
"AT2G24070","BraA09g51890R","BraA04g17080R","BraA04g17090R"
"AT2G24450","BraA09g51600R","BraA03g25170R","BraA04g17450R"
"AT2G24500","BraA09g51550R","BraA04g17490R","BraA04g17500R"
"AT2G24650","BraA09g51460R","BraA03g25130R","BraA03g25140R"
"AT2G25140","BraA09g51230R","BraA04g17910R","BraA04g17920R"
"AT2G26130","BraA07g16970R","BraA03g24470R","BraA04g18550R"
"AT2G27040","BraA07g16630R","BraA04g18810R","BraA04g18820R"
"AT2G27180","BraA07g16680R","BraA03g24650R","BraA04g18950R"
"AT2G27260","BraA07g16720R","BraA03g24630R","BraA04g19040R"
"AT2G27490","BraA07g16850R","BraA03g24520R","BraA03g24530R"
"AT2G27510","BraA07g16830R","BraA03g24500R","BraA04g19200R"
"AT2G27550","BraA07g16860R","BraA03g24490R","BraA04g19240R"
"AT2G28040","BraA07g17540R","BraA04g19640R","BraA04g19770R"
"AT2G28160","BraA07g17220R","BraA03g24370R","BraA04g19600R"
"AT2G28410","BraA07g17480R","BraA04g19740R","BraA04g19750R"
"AT2G28520","BraA07g17610R","BraA03g24320R","BraA04g19830R"
"AT2G28720","BraA07g17770R","BraA03g24210R","BraA04g19990R"
"AT2G28740","BraA07g17780R","BraA03g24190R","BraA04g20020R"
"AT2G28840","BraA07g17820R","BraA03g24180R","BraA04g20100R"
"AT2G28870","BraA07g17840R","BraA03g24170R","BraA04g20110R"
"AT2G29540","BraA05g14800R","BraA04g20520R","BraA04g20530R"
"AT2G29980","BraA05g14460R","BraA03g15660R","BraA04g20670R"
"AT2G30020","BraA05g14410R","BraA03g15710R","BraA04g20710R"
"AT2G30050","BraA05g14390R","BraA03g15730R","BraA04g20730R"
"AT2G30110","BraA05g14340R","BraA03g15770R","BraA04g20790R"
"AT2G30130","BraA05g14310R","BraA03g15780R","BraA04g20800R"
"AT2G30230","BraA05g14240R","BraA03g15840R","BraA04g20870R"
"AT2G30300","BraA05g14220R","BraA03g15880R","BraA04g20900R"
"AT2G30360","BraA05g14160R","BraA03g15920R","BraA04g20940R"
"AT2G30400","BraA05g14130R","BraA03g15960R","BraA04g21030R"
"AT2G30470","BraA05g14110R","BraA03g16020R","BraA04g21040R"
"AT2G30590","BraA05g14010R","BraA03g16090R","BraA04g21180R"
"AT2G30620","BraA05g14000R","BraA03g16100R","BraA04g21190R"
"AT2G30740","BraA05g13960R","BraA03g16150R","BraA04g21260R"
"AT2G30800","BraA05g13950R","BraA04g21270R","BraA04g21280R"
"AT2G31130","BraA05g13790R","BraA03g16320R","BraA04g21630R"
"AT2G31180","BraA05g13670R","BraA03g16350R","BraA04g21720R"
"AT2G31230","BraA05g13710R","BraA03g16360R","BraA04g21760R"
"AT2G31360","BraA05g13490R","BraA03g16410R","BraA04g22050R"
"AT2G31490","BraA05g13350R","BraA03g16470R","BraA04g21930R"
"AT2G31500","BraA05g13340R","BraA03g16480R","BraA04g21920R"
"AT2G31540","BraA05g13330R","BraA03g16530R","BraA04g21900R"
"AT2G31570","BraA05g13280R","BraA03g16560R","BraA03g16570R"
"AT2G31660","BraA05g13180R","BraA03g16630R","BraA04g21870R"
"AT2G31710","BraA05g13150R","BraA03g16660R","BraA04g21860R"
"AT2G31760","BraA05g13110R","BraA03g16690R","BraA04g22110R"
"AT2G31790","BraA05g13100R","BraA04g22120R","BraA04g22140R"
"AT2G31980","BraA05g12940R","BraA03g16780R","BraA04g22220R"
"AT2G31990","BraA05g12930R","BraA03g16790R","BraA04g22230R"
"AT2G32460","BraA05g12560R","BraA03g16940R","BraA04g22510R"
"AT2G32660","BraA05g12320R","BraA04g22650R","BraA04g22680R"
"AT2G32670","BraA05g12330R","BraA03g17000R","BraA04g22690R"
"AT2G32700","BraA05g12270R","BraA03g17030R","BraA04g22760R"
"AT2G32730","BraA05g12210R","BraA03g17060R","BraA04g22790R"
"AT2G32930","BraA05g12040R","BraA03g17240R","BraA04g22860R"
"AT2G33060","BraA05g11870R","BraA03g17010R","BraA04g23120R"
"AT2G33120","BraA05g11850R","BraA03g17280R","BraA04g22940R"
"AT2G33150","BraA05g11840R","BraA03g17270R","BraA04g22950R"
"AT2G33210","BraA05g11720R","BraA03g17390R","BraA04g23050R"
"AT2G33380","BraA05g11590R","BraA03g17460R","BraA04g23170R"
"AT2G33410","BraA05g11530R","BraA03g17480R","BraA04g23220R"
"AT2G33510","BraA05g11460R","BraA03g17520R","BraA04g23320R"
"AT2G33710","BraA05g11380R","BraA03g17610R","BraA04g23450R"
"AT2G34000","BraA05g11180R","BraA04g23640R","BraA04g23650R"
"AT2G34070","BraA05g11140R","BraA03g17770R","BraA04g23690R"
"AT2G34357","BraA05g10920R","BraA03g17850R","BraA03g17860R"
"AT2G34500","BraA05g10780R","BraA04g23920R","BraA04g23930R"
"AT2G34555","BraA05g10730R","BraA03g17920R","BraA04g23960R"
"AT2G34560","BraA05g10720R","BraA03g17930R","BraA03g17940R"
"AT2G34610","BraA05g10630R","BraA04g24000R","BraA04g24010R"
"AT2G34750","BraA05g10510R","BraA03g18030R","BraA04g24050R"
"AT2G34820","BraA05g10440R","BraA03g18060R","BraA04g24090R"
"AT2G35190","BraA05g10200R","BraA03g18150R","BraA04g24250R"
"AT2G35230","BraA05g10170R","BraA03g18160R","BraA04g24280R"
"AT2G35270","BraA05g10130R","BraA03g18180R","BraA04g24340R"
"AT2G35510","BraA05g09950R","BraA04g24400R","BraA04g24410R"
"AT2G35530","BraA05g09940R","BraA03g18230R","BraA04g24420R"
"AT2G35600","BraA05g09880R","BraA04g24450R","BraA04g24460R"
"AT2G35612","BraA05g09860R","BraA03g18260R","BraA04g24480R"
"AT2G35615","BraA05g09840R","BraA03g18270R","BraA04g24490R"
"AT2G35620","BraA05g09830R","BraA03g18280R","BraA04g24500R"
"AT2G35630","BraA05g09810R","BraA03g18290R","BraA04g24560R"
"AT2G35910","BraA05g09710R","BraA03g18520R","BraA04g24810R"
"AT2G35940","BraA05g09730R","BraA03g18560R","BraA04g24850R"
"AT2G36420","BraA05g09360R","BraA03g18750R","BraA04g25240R"
"AT2G36530","BraA05g09280R","BraA03g18780R","BraA04g25310R"
"AT2G36870","BraA05g09020R","BraA03g18860R","BraA04g25440R"
"AT2G36880","BraA05g08990R","BraA03g18870R","BraA04g25450R"
"AT2G36890","BraA05g08970R","BraA03g18880R","BraA04g25460R"
"AT2G36950","BraA05g08920R","BraA03g18940R","BraA04g25500R"
"AT2G37030","BraA05g08840R","BraA03g18970R","BraA04g25540R"
"AT2G37270","BraA05g08690R","BraA03g19140R","BraA04g25700R"
"AT2G37300","BraA05g08650R","BraA03g19150R","BraA04g25720R"
"AT2G37550","BraA05g08480R","BraA03g19220R","BraA04g25900R"
"AT2G37590","BraA05g08410R","BraA03g19250R","BraA04g25970R"
"AT2G37610","BraA05g08390R","BraA03g19270R","BraA04g25990R"
"AT2G37660","BraA05g08350R","BraA04g25910R","BraA04g26010R"
"AT2G37900","BraA05g08110R","BraA03g19480R","BraA03g19490R"
"AT2G37970","BraA05g08040R","BraA03g19540R","BraA04g26240R"
"AT2G38010","BraA05g08010R","BraA04g26280R","BraA04g26290R"
"AT2G38090","BraA05g07970R","BraA03g19670R","BraA04g26330R"
"AT2G38310","BraA05g07780R","BraA03g19760R","BraA04g26450R"
"AT2G38360","BraA05g07740R","BraA03g19790R","BraA03g19800R"
"AT2G38400","BraA05g07730R","BraA03g19830R","BraA04g26500R"
"AT2G38600","BraA05g07560R","BraA03g19970R","BraA03g19980R"
"AT2G38640","BraA05g07540R","BraA03g20010R","BraA04g26580R"
"AT2G38650","BraA05g07530R","BraA03g20020R","BraA04g26590R"
"AT2G38770","BraA05g07470R","BraA04g26720R","BraA04g26730R"
"AT2G38790","BraA05g07450R","BraA03g20120R","BraA03g20140R"
"AT2G38910","BraA05g07390R","BraA03g20240R","BraA04g26830R"
"AT2G39210","BraA05g07270R","BraA03g20420R","BraA04g26930R"
"AT2G39445","BraA05g07100R","BraA04g27550R","BraA04g27570R"
"AT2G39460","BraA05g07080R","BraA03g20570R","BraA04g27530R"
"AT2G39660","BraA05g06950R","BraA03g20630R","BraA04g27450R"
"AT2G39700","BraA05g06930R","BraA03g20640R","BraA04g27430R"
"AT2G39730","BraA05g06880R","BraA03g20660R","BraA04g27360R"
"AT2G39770","BraA05g06840R","BraA03g20690R","BraA04g27330R"
"AT2G39830","BraA05g06810R","BraA03g20720R","BraA03g20730R"
"AT2G39960","BraA05g06670R","BraA03g20780R","BraA04g27240R"
"AT2G39990","BraA05g06640R","BraA03g20790R","BraA04g27220R"
"AT2G40070","BraA05g06600R","BraA03g20870R","BraA03g20880R"
"AT2G40080","BraA05g06590R","BraA03g20890R","BraA04g27180R"
"AT2G40116","BraA05g06540R","BraA03g20940R","BraA04g27130R"
"AT2G40170","BraA05g06480R","BraA03g20980R","BraA04g27080R"
"AT2G40180","BraA05g06470R","BraA03g20990R","BraA04g27070R"
"AT2G40230","BraA05g06430R","BraA03g21040R","BraA04g27040R"
"AT2G40260","BraA05g06410R","BraA03g21060R","BraA04g27020R"
"AT2G40330","BraA05g06360R","BraA03g21110R","BraA04g27750R"
"AT2G40470","BraA05g02660R","BraA03g21150R","BraA04g27890R"
"AT2G40475","BraA05g02670R","BraA03g21160R","BraA04g27900R"
"AT2G40530","BraA05g02710R","BraA03g21180R","BraA04g27940R"
"AT2G40610","BraA05g02730R","BraA03g21200R","BraA04g27980R"
"AT2G40620","BraA05g02740R","BraA03g21210R","BraA04g27990R"
"AT2G40750","BraA05g02770R","BraA03g21290R","BraA04g28050R"
"AT2G40820","BraA05g02800R","BraA04g28130R","BraA04g28140R"
"AT2G40900","BraA05g02840R","BraA03g21380R","BraA04g28180R"
"AT2G41770","BraA05g03340R","BraA03g21720R","BraA03g21730R"
"AT2G41860","BraA05g03410R","BraA04g28720R","BraA04g28730R"
"AT2G41940","BraA05g03460R","BraA03g21760R","BraA04g28820R"
"AT2G41970","BraA05g03500R","BraA03g21780R","BraA04g28840R"
"AT2G42040","BraA05g03520R","BraA03g21810R","BraA04g28860R"
"AT2G42430","BraA05g03800R","BraA03g21880R","BraA04g29070R"
"AT2G42610","BraA05g03910R","BraA03g21990R","BraA04g29170R"
"AT2G43000","BraA05g04200R","BraA03g22110R","BraA04g29340R"
"AT2G43020","BraA05g04210R","BraA03g22130R","BraA04g29360R"
"AT2G43040","BraA05g04220R","BraA03g22140R","BraA03g22150R"
"AT2G43140","BraA05g04330R","BraA03g22210R","BraA04g29460R"
"AT2G43150","BraA05g04340R","BraA03g22220R","BraA04g29470R"
"AT2G43340","BraA05g04400R","BraA03g22320R","BraA04g29620R"
"AT2G43430","BraA05g04450R","BraA03g22350R","BraA04g29660R"
"AT2G43460","BraA05g04460R","BraA03g22360R","BraA04g29670R"
"AT2G43490","BraA05g04520R","BraA04g29690R","BraA04g29700R"
"AT2G43500","BraA05g04550R","BraA03g22390R","BraA04g29710R"
"AT2G44080","BraA05g04840R","BraA03g22730R","BraA04g30040R"
"AT2G44120","BraA05g04870R","BraA03g22720R","BraA04g30060R"
"AT2G44210","BraA05g04930R","BraA03g22790R","BraA04g30100R"
"AT2G44340","BraA05g05000R","BraA03g22840R","BraA04g30140R"
"AT2G44610","BraA05g05200R","BraA03g22900R","BraA04g30380R"
"AT2G44740","BraA05g05330R","BraA03g22950R","BraA04g30410R"
"AT2G44745","BraA05g05350R","BraA03g22970R","BraA04g30420R"
"AT2G44940","BraA05g05520R","BraA03g23010R","BraA04g30550R"
"AT2G45220","BraA05g05650R","BraA03g23190R","BraA04g30680R"
"AT2G45440","BraA05g05830R","BraA04g30770R","BraA04g30780R"
"AT2G45660","BraA05g05970R","BraA03g23320R","BraA04g30920R"
"AT2G45720","BraA05g06010R","BraA03g23370R","BraA03g23380R"
"AT2G45740","BraA05g06020R","BraA03g23390R","BraA04g30980R"
"AT2G45790","BraA05g06080R","BraA03g23410R","BraA04g31020R"
"AT2G45800","BraA05g06090R","BraA03g23420R","BraA04g31030R"
"AT2G45830","BraA05g06120R","BraA04g31060R","BraA04g31070R"
"AT2G46410","BraA05g02300R","BraA03g23620R","BraA04g31350R"
"AT2G46590","BraA05g02130R","BraA03g23680R","BraA04g31450R"
"AT2G46600","BraA05g02120R","BraA03g23690R","BraA04g31460R"
"AT2G46870","BraA05g01920R","BraA03g23730R","BraA04g31620R"
"AT2G47040","BraA05g01740R","BraA03g23750R","BraA04g31670R"
"AT2G47050","BraA05g01730R","BraA03g23760R","BraA04g31680R"
"AT2G47240","BraA05g01560R","BraA04g31740R","BraA04g31750R"
"AT2G47330","BraA05g01530R","BraA03g23870R","BraA03g23880R"
"AT2G47730","BraA05g01230R","BraA03g23980R","BraA03g23990R"
"AT2G47800","BraA06g05000R","BraA05g19660R","BraA05g19670R"
"AT3G01085","BraA05g37990R","BraA01g36210R","BraA03g30260R"
"AT3G01440","BraA05g40610R","BraA01g36280R","BraA01g36560R"
"AT3G02080","BraA05g37960R","BraA01g36170R","BraA03g30300R"
"AT3G02230","BraA05g40280R","BraA01g36080R","BraA03g30400R"
"AT3G02250","BraA05g40300R","BraA01g36070R","BraA03g30420R"
"AT3G02555","BraA05g40470R","BraA01g35840R","BraA03g30550R"
"AT3G02800","BraA05g39780R","BraA01g35600R","BraA03g30690R"
"AT3G02830","BraA05g39760R","BraA01g35590R","BraA03g30710R"
"AT3G02990","BraA05g39680R","BraA01g35480R","BraA03g30770R"
"AT3G03090","BraA05g39630R","BraA01g35400R","BraA03g30790R"
"AT3G03120","BraA05g39600R","BraA01g35360R","BraA01g35370R"
"AT3G03170","BraA05g39570R","BraA01g35340R","BraA03g30820R"
"AT3G03440","BraA05g39390R","BraA01g35250R","BraA01g35260R"
"AT3G03860","BraA05g39110R","BraA01g34960R","BraA03g31060R"
"AT3G04050","BraA05g38940R","BraA01g34780R","BraA03g31090R"
"AT3G04810","BraA05g38740R","BraA03g31420R","BraA03g31430R"
"AT3G04860","BraA05g38720R","BraA01g34450R","BraA01g36100R"
"AT3G05470","BraA05g38190R","BraA03g31710R","BraA03g31720R"
"AT3G05800","BraA05g37710R","BraA01g34120R","BraA03g31910R"
"AT3G05960","BraA05g37380R","BraA01g34230R","BraA03g32010R"
"AT3G06070","BraA05g37270R","BraA01g34290R","BraA03g32080R"
"AT3G06260","BraA05g40020R","BraA01g34350R","BraA03g32160R"
"AT3G06340","BraA05g40080R","BraA03g32200R","BraA03g32210R"
"AT3G06350","BraA05g40090R","BraA01g34060R","BraA01g34070R"
"AT3G06490","BraA05g35820R","BraA01g33960R","BraA03g32280R"
"AT3G06510","BraA05g35840R","BraA01g33940R","BraA01g33950R"
"AT3G06580","BraA05g35880R","BraA01g33930R","BraA03g32300R"
"AT3G06730","BraA05g36010R","BraA01g33740R","BraA01g33830R"
"AT3G06830","BraA05g36050R","BraA01g33670R","BraA03g32450R"
"AT3G06860","BraA05g36060R","BraA01g33640R","BraA03g32470R"
"AT3G07020","BraA05g37250R","BraA01g33580R","BraA03g32560R"
"AT3G07070","BraA05g37210R","BraA01g33530R","BraA03g32600R"
"AT3G07120","BraA05g37170R","BraA01g33500R","BraA03g32630R"
"AT3G07160","BraA05g37120R","BraA01g33480R","BraA03g32670R"
"AT3G07270","BraA05g37050R","BraA01g33420R","BraA01g33430R"
"AT3G07360","BraA05g36960R","BraA01g33370R","BraA03g32750R"
"AT3G07390","BraA05g36900R","BraA01g33360R","BraA03g32760R"
"AT3G08960","BraA05g35650R","BraA03g33640R","BraA03g33650R"
"AT3G09800","BraA05g35090R","BraA01g33300R","BraA03g33250R"
"AT3G10770","BraA05g34310R","BraA01g32710R","BraA03g34030R"
"AT3G11020","BraA05g34100R","BraA01g32570R","BraA03g34120R"
"AT3G11170","BraA05g34000R","BraA01g32510R","BraA03g34200R"
"AT3G11200","BraA05g33970R","BraA01g32490R","BraA03g34210R"
"AT3G11230","BraA05g33940R","BraA01g32470R","BraA03g34230R"
"AT3G11320","BraA05g33880R","BraA01g32430R","BraA03g34240R"
"AT3G11400","BraA05g33830R","BraA01g32400R","BraA03g34270R"
"AT3G11420","BraA05g33810R","BraA01g32380R","BraA03g34290R"
"AT3G11570","BraA05g33650R","BraA03g34370R","BraA03g34380R"
"AT3G11580","BraA05g33640R","BraA01g32300R","BraA03g34390R"
"AT3G11600","BraA05g33620R","BraA01g32280R","BraA03g34420R"
"AT3G11630","BraA05g33600R","BraA01g32270R","BraA03g34440R"
"AT3G11820","BraA05g33430R","BraA03g34500R","BraA03g34510R"
"AT3G11910","BraA05g33360R","BraA01g32120R","BraA03g34590R"
"AT3G12050","BraA05g33160R","BraA01g31980R","BraA01g31990R"
"AT3G12130","BraA05g33090R","BraA01g31940R","BraA03g34710R"
"AT3G12160","BraA05g33000R","BraA01g31900R","BraA03g34730R"
"AT3G12290","BraA05g32920R","BraA03g34800R","BraA03g34810R"
"AT3G12390","BraA05g32860R","BraA01g31740R","BraA03g34830R"
"AT3G12630","BraA05g32760R","BraA01g31570R","BraA03g34960R"
"AT3G12660","BraA05g32740R","BraA01g31550R","BraA03g34990R"
"AT3G12670","BraA05g32730R","BraA01g31530R","BraA03g35000R"
"AT3G12890","BraA05g32530R","BraA01g31360R","BraA03g35080R"
"AT3G12900","BraA05g32520R","BraA01g31350R","BraA03g35100R"
"AT3G12910","BraA05g32510R","BraA01g31340R","BraA03g35110R"
"AT3G12920","BraA05g32500R","BraA01g31330R","BraA03g35120R"
"AT3G13060","BraA05g32410R","BraA01g31230R","BraA03g35220R"
"AT3G13070","BraA05g32390R","BraA03g35230R","BraA03g35240R"
"AT3G13090","BraA05g32370R","BraA01g31200R","BraA01g31380R"
"AT3G13120","BraA05g32360R","BraA01g31390R","BraA03g35270R"
"AT3G13140","BraA05g32340R","BraA01g31180R","BraA01g31190R"
"AT3G13235","BraA05g32260R","BraA01g31030R","BraA03g35340R"
"AT3G13310","BraA05g32230R","BraA01g31010R","BraA03g35350R"
"AT3G13410","BraA05g32050R","BraA01g30940R","BraA03g35450R"
"AT3G13460","BraA05g32010R","BraA01g30910R","BraA03g35460R"
"AT3G13540","BraA05g31900R","BraA01g30870R","BraA01g30880R"
"AT3G13610","BraA05g31790R","BraA01g30790R","BraA03g35580R"
"AT3G13760","BraA05g32380R","BraA01g30680R","BraA03g35680R"
"AT3G13810","BraA05g31580R","BraA01g30640R","BraA03g35710R"
"AT3G13920","BraA05g31500R","BraA01g30550R","BraA03g35800R"
"AT3G13960","BraA05g31470R","BraA01g30500R","BraA03g35820R"
"AT3G14190","BraA05g31260R","BraA01g30330R","BraA03g35890R"
"AT3G14200","BraA05g31250R","BraA01g30320R","BraA03g35900R"
"AT3G14230","BraA05g31160R","BraA01g30290R","BraA03g35920R"
"AT3G14610","BraA05g30870R","BraA01g29540R","BraA01g29560R"
"AT3G14930","BraA05g30610R","BraA01g33680R","BraA03g36250R"
"AT3G14950","BraA05g30590R","BraA01g23710R","BraA01g29360R"
"AT3G15000","BraA05g30530R","BraA01g29350R","BraA03g36290R"
"AT3G15030","BraA05g30520R","BraA01g29340R","BraA03g36300R"
"AT3G15210","BraA05g30410R","BraA01g29270R","BraA03g36420R"
"AT3G15500","BraA05g30100R","BraA01g29060R","BraA03g36530R"
"AT3G15510","BraA05g30090R","BraA01g29030R","BraA03g36540R"
"AT3G15540","BraA05g30030R","BraA01g28980R","BraA03g36550R"
"AT3G15670","BraA05g29900R","BraA01g28860R","BraA03g36600R"
"AT3G16080","BraA05g29590R","BraA01g28510R","BraA03g36930R"
"AT3G16180","BraA05g29520R","BraA01g28420R","BraA01g28430R"
"AT3G16210","BraA05g29500R","BraA03g36960R","BraA03g36970R"
"AT3G16490","BraA05g29220R","BraA01g28290R","BraA03g37120R"
"AT3G16500","BraA05g29210R","BraA01g28270R","BraA03g37140R"
"AT3G16770","BraA05g29040R","BraA01g28100R","BraA03g37210R"
"AT3G17060","BraA05g28830R","BraA01g27870R","BraA03g37320R"
"AT3G17120","BraA05g28800R","BraA01g27760R","BraA03g37340R"
"AT3G17130","BraA05g28790R","BraA01g27750R","BraA03g37350R"
"AT3G17580","BraA05g28510R","BraA01g27400R","BraA03g37490R"
"AT3G17609","BraA05g28490R","BraA01g27380R","BraA03g37510R"
"AT3G17780","BraA05g28340R","BraA01g27250R","BraA03g37580R"
"AT3G17810","BraA05g28310R","BraA01g27220R","BraA03g37600R"
"AT3G18030","BraA05g28080R","BraA01g27100R","BraA03g37740R"
"AT3G18280","BraA05g27780R","BraA01g26870R","BraA03g37830R"
"AT3G18400","BraA05g27670R","BraA01g26800R","BraA03g37860R"
"AT3G18410","BraA05g27650R","BraA01g26770R","BraA03g37870R"
"AT3G18490","BraA05g27600R","BraA01g26730R","BraA03g37880R"
"AT3G18520","BraA05g27560R","BraA01g26710R","BraA03g37890R"
"AT3G18650","BraA05g27420R","BraA01g26610R","BraA03g37960R"
"AT3G18710","BraA05g27360R","BraA01g26570R","BraA03g37990R"
"AT3G18715","BraA05g27310R","BraA01g26550R","BraA03g38000R"
"AT3G18740","BraA05g27290R","BraA01g26540R","BraA03g38010R"
"AT3G18780","BraA05g27210R","BraA01g26480R","BraA03g38040R"
"AT3G19100","BraA05g26880R","BraA01g26300R","BraA03g38230R"
"AT3G19260","BraA05g26710R","BraA01g26220R","BraA03g38310R"
"AT3G19270","BraA05g26700R","BraA03g38320R","BraA03g38330R"
"AT3G19290","BraA05g26670R","BraA01g26210R","BraA03g38340R"
"AT3G19580","BraA05g26300R","BraA01g26010R","BraA03g38470R"
"AT3G19830","BraA05g26020R","BraA01g25810R","BraA01g25820R"
"AT3G19950","BraA05g25900R","BraA01g25670R","BraA03g38640R"
"AT3G20010","BraA05g25800R","BraA01g25620R","BraA03g38670R"
"AT3G20160","BraA05g25570R","BraA01g25560R","BraA03g38720R"
"AT3G20300","BraA05g25370R","BraA01g25370R","BraA03g38770R"
"AT3G20310","BraA05g25360R","BraA03g38780R","BraA03g38790R"
"AT3G20320","BraA05g25350R","BraA01g25340R","BraA01g25350R"
"AT3G20580","BraA05g25090R","BraA01g25230R","BraA03g38890R"
"AT3G20600","BraA05g25060R","BraA01g25220R","BraA03g38900R"
"AT3G20640","BraA05g25030R","BraA01g25210R","BraA03g38920R"
"AT3G20720","BraA05g24970R","BraA01g25160R","BraA01g25170R"
"AT3G20898","BraA05g24750R","BraA01g25010R","BraA03g39010R"
"AT3G21055","BraA05g24710R","BraA01g24950R","BraA03g39040R"
"AT3G21070","BraA05g24700R","BraA01g24930R","BraA03g39050R"
"AT3G21140","BraA05g24600R","BraA01g24880R","BraA03g39090R"
"AT3G21180","BraA05g24560R","BraA01g24850R","BraA03g39120R"
"AT3G21270","BraA05g24420R","BraA01g24710R","BraA03g39150R"
"AT3G21320","BraA05g24370R","BraA01g24700R","BraA03g39170R"
"AT3G21700","BraA05g24110R","BraA01g24450R","BraA03g39370R"
"AT3G21710","BraA05g24100R","BraA01g24440R","BraA03g39380R"
"AT3G22080","BraA05g23760R","BraA01g24300R","BraA01g32420R"
"AT3G22110","BraA05g23720R","BraA01g24280R","BraA03g39480R"
"AT3G22270","BraA05g23490R","BraA01g24170R","BraA03g39580R"
"AT3G22380","BraA05g23420R","BraA01g24090R","BraA03g39640R"
"AT3G22520","BraA05g23280R","BraA01g23990R","BraA03g39680R"
"AT3G22550","BraA05g23250R","BraA01g23980R","BraA03g39700R"
"AT3G22600","BraA05g23210R","BraA01g23970R","BraA03g39710R"
"AT3G22620","BraA05g23200R","BraA01g23960R","BraA03g39720R"
"AT3G22830","BraA05g23040R","BraA01g23790R","BraA03g39810R"
"AT3G22840","BraA05g23030R","BraA01g23770R","BraA03g39820R"
"AT3G22845","BraA05g23010R","BraA01g23750R","BraA03g39830R"
"AT3G22930","BraA05g22870R","BraA01g23640R","BraA03g39880R"
"AT3G23180","BraA07g09820R","BraA01g23350R","BraA03g40030R"
"AT3G23380","BraA07g09530R","BraA01g23030R","BraA03g40080R"
"AT3G23580","BraA07g09320R","BraA01g22910R","BraA01g22920R"
"AT3G23770","BraA07g09120R","BraA01g22600R","BraA03g40170R"
"AT3G23810","BraA07g09030R","BraA01g22580R","BraA03g40200R"
"AT3G23820","BraA07g08970R","BraA01g22550R","BraA03g40230R"
"AT3G23830","BraA07g09020R","BraA01g22570R","BraA03g40210R"
"AT3G23900","BraA07g08950R","BraA01g22530R","BraA01g22540R"
"AT3G24160","BraA07g08700R","BraA01g22450R","BraA03g40310R"
"AT3G24310","BraA07g08430R","BraA01g22290R","BraA03g40420R"
"AT3G25100","BraA07g10510R","BraA03g40780R","BraA03g40790R"
"AT3G25140","BraA07g10550R","BraA03g40890R","BraA03g40900R"
"AT3G25470","BraA07g10750R","BraA03g40990R","BraA03g41000R"
"AT3G25560","BraA06g37040R","BraA02g37420R","BraA02g37500R"
"AT3G26000","BraA06g36680R","BraA02g37780R","BraA09g24490R"
"AT3G26030","BraA06g36670R","BraA02g37790R","BraA09g24500R"
"AT3G26700","BraA06g36270R","BraA02g38100R","BraA09g03520R"
"AT3G26744","BraA06g36240R","BraA02g38130R","BraA09g03540R"
"AT3G26940","BraA06g36100R","BraA02g38290R","BraA09g03590R"
"AT3G27030","BraA06g36030R","BraA02g38380R","BraA02g38390R"
"AT3G27240","BraA06g35880R","BraA02g38540R","BraA09g03740R"
"AT3G27400","BraA06g35740R","BraA02g38670R","BraA09g03810R"
"AT3G27460","BraA06g35700R","BraA02g38720R","BraA02g38750R"
"AT3G27650","BraA06g35510R","BraA02g38790R","BraA09g03910R"
"AT3G27970","BraA06g35210R","BraA02g38950R","BraA09g03990R"
"AT3G28455","BraA06g35020R","BraA02g39070R","BraA09g04100R"
"AT3G28500","BraA06g34990R","BraA02g39090R","BraA09g04120R"
"AT3G28730","BraA06g34880R","BraA02g39140R","BraA02g39150R"
"AT3G28860","BraA06g34700R","BraA02g39260R","BraA09g04240R"
"AT3G28910","BraA06g34680R","BraA02g39290R","BraA09g04260R"
"AT3G29030","BraA06g34570R","BraA02g39420R","BraA09g04310R"
"AT3G29090","BraA06g34520R","BraA02g39480R","BraA09g04360R"
"AT3G29200","BraA06g34460R","BraA02g39560R","BraA09g04380R"
"AT3G29400","BraA06g34270R","BraA02g39720R","BraA02g39730R"
"AT3G30180","BraA06g34180R","BraA02g39910R","BraA09g04480R"
"AT3G30210","BraA06g34170R","BraA02g39930R","BraA09g04490R"
"AT3G30260","BraA06g34160R","BraA02g39970R","BraA09g04500R"
"AT3G30340","BraA06g34130R","BraA02g40000R","BraA09g04520R"
"AT3G30775","BraA06g34050R","BraA02g40100R","BraA09g04550R"
"AT3G44350","BraA06g21060R","BraA06g22150R","BraA06g22160R"
"AT3G46830","BraA06g19560R","BraA01g15220R","BraA01g15230R"
"AT3G47960","BraA06g18650R","BraA01g15510R","BraA06g22820R"
"AT3G48100","BraA06g18570R","BraA01g15570R","BraA06g22860R"
"AT3G48530","BraA06g18170R","BraA01g15800R","BraA01g15810R"
"AT3G48660","BraA06g18100R","BraA01g15880R","BraA06g23200R"
"AT3G48740","BraA06g18050R","BraA01g15960R","BraA06g23240R"
"AT3G49010","BraA06g17790R","BraA01g16110R","BraA06g23380R"
"AT3G49220","BraA06g17570R","BraA01g16270R","BraA06g23500R"
"AT3G49430","BraA06g17360R","BraA01g16410R","BraA06g23630R"
"AT3G49490","BraA06g17310R","BraA01g16420R","BraA06g23670R"
"AT3G49600","BraA06g17220R","BraA06g23710R","BraA06g23720R"
"AT3G51670","BraA09g41110R","BraA03g44790R","BraA03g44800R"
"AT3G51730","BraA09g41170R","BraA03g44830R","BraA03g44840R"
"AT3G51850","BraA09g41270R","BraA03g44880R","BraA04g08310R"
"AT3G51950","BraA09g41350R","BraA03g44950R","BraA04g08230R"
"AT3G52105","BraA09g41520R","BraA04g08160R","BraA04g08170R"
"AT3G52250","BraA09g41630R","BraA03g45070R","BraA03g45080R"
"AT3G52300","BraA09g41680R","BraA03g45120R","BraA04g08000R"
"AT3G52450","BraA09g41770R","BraA03g45230R","BraA04g07900R"
"AT3G52470","BraA09g41790R","BraA03g45250R","BraA04g07880R"
"AT3G52490","BraA09g41850R","BraA03g45260R","BraA04g07870R"
"AT3G52800","BraA09g42130R","BraA04g07600R","BraA07g19410R"
"AT3G52910","BraA09g42210R","BraA04g07510R","BraA07g19460R"
"AT3G52930","BraA09g42250R","BraA04g07500R","BraA07g19480R"
"AT3G52990","BraA09g42300R","BraA04g07420R","BraA07g19510R"
"AT3G53020","BraA09g42330R","BraA04g07400R","BraA07g19520R"
"AT3G53430","BraA09g42670R","BraA04g07080R","BraA07g19710R"
"AT3G53500","BraA09g42730R","BraA07g19780R","BraA07g19790R"
"AT3G53570","BraA09g42820R","BraA04g06880R","BraA07g19850R"
"AT3G53610","BraA09g42870R","BraA04g06860R","BraA07g19880R"
"AT3G53650","BraA09g42900R","BraA04g06820R","BraA07g19890R"
"AT3G53750","BraA09g42970R","BraA04g06780R","BraA07g19930R"
"AT3G53890","BraA09g43090R","BraA04g06690R","BraA07g19950R"
"AT3G53960","BraA09g43110R","BraA04g06650R","BraA07g19980R"
"AT3G53990","BraA09g43130R","BraA04g06630R","BraA07g20000R"
"AT3G54040","BraA09g43150R","BraA04g06560R","BraA07g20030R"
"AT3G54300","BraA09g43400R","BraA04g06350R","BraA07g20140R"
"AT3G54560","BraA09g43580R","BraA04g06160R","BraA07g20210R"
"AT3G54610","BraA09g43600R","BraA04g06090R","BraA04g06130R"
"AT3G54690","BraA09g43680R","BraA04g06070R","BraA07g20250R"
"AT3G54720","BraA09g43700R","BraA04g05960R","BraA04g05970R"
"AT3G54740","BraA09g43740R","BraA04g05950R","BraA07g20260R"
"AT3G54800","BraA09g43780R","BraA04g05890R","BraA07g20270R"
"AT3G54810","BraA09g43790R","BraA04g05880R","BraA07g20280R"
"AT3G55110","BraA09g44160R","BraA04g05670R","BraA07g20410R"
"AT3G55380","BraA09g44340R","BraA04g05390R","BraA07g20430R"
"AT3G55560","BraA09g44570R","BraA04g05230R","BraA07g20510R"
"AT3G55610","BraA09g44600R","BraA04g05190R","BraA04g05200R"
"AT3G55800","BraA09g44740R","BraA04g05020R","BraA07g20580R"
"AT3G56190","BraA09g45040R","BraA04g04820R","BraA07g20680R"
"AT3G56220","BraA09g45070R","BraA04g04790R","BraA07g20700R"
"AT3G56240","BraA09g45090R","BraA04g04770R","BraA07g20730R"
"AT3G56320","BraA09g45190R","BraA03g44760R","BraA04g04720R"
"AT3G56400","BraA09g45260R","BraA04g04660R","BraA07g20790R"
"AT3G56420","BraA09g45290R","BraA04g04650R","BraA07g20810R"
"AT3G56590","BraA09g45420R","BraA04g04580R","BraA04g04590R"
"AT3G56620","BraA09g45460R","BraA04g04570R","BraA07g20860R"
"AT3G56630","BraA09g45470R","BraA07g20870R","BraA07g20880R"
"AT3G56710","BraA09g45530R","BraA04g04510R","BraA04g04520R"
"AT3G56810","BraA09g45600R","BraA04g04470R","BraA07g20910R"
"AT3G56960","BraA09g45820R","BraA04g04420R","BraA07g21010R"
"AT3G57030","BraA09g45880R","BraA04g04240R","BraA04g04250R"
"AT3G57130","BraA09g46020R","BraA07g21120R","BraA07g21130R"
"AT3G57390","BraA09g46170R","BraA04g03980R","BraA07g21240R"
"AT3G57400","BraA09g46180R","BraA04g03970R","BraA07g21250R"
"AT3G57500","BraA09g46260R","BraA04g03900R","BraA07g21320R"
"AT3G57510","BraA09g46270R","BraA04g03890R","BraA07g21310R"
"AT3G57550","BraA09g46310R","BraA04g03870R","BraA07g21340R"
"AT3G57610","BraA09g46360R","BraA04g03850R","BraA07g21370R"
"AT3G57670","BraA09g46400R","BraA04g03820R","BraA07g21440R"
"AT3G57800","BraA09g46490R","BraA04g03700R","BraA07g21490R"
"AT3G57890","BraA09g46550R","BraA04g03670R","BraA07g21530R"
"AT3G57990","BraA09g46610R","BraA04g03620R","BraA04g03630R"
"AT3G58040","BraA09g46650R","BraA04g03580R","BraA07g21630R"
"AT3G58060","BraA09g46660R","BraA04g03570R","BraA07g21640R"
"AT3G58140","BraA09g46710R","BraA07g21710R","BraA07g21720R"
"AT3G58180","BraA09g46730R","BraA07g21740R","BraA07g21750R"
"AT3G58500","BraA09g46850R","BraA04g03410R","BraA07g21890R"
"AT3G58580","BraA09g46880R","BraA04g03380R","BraA04g03390R"
"AT3G58610","BraA09g46900R","BraA04g03350R","BraA07g21940R"
"AT3G58640","BraA09g46940R","BraA07g21960R","BraA07g21970R"
"AT3G58660","BraA09g46950R","BraA04g03340R","BraA07g21990R"
"AT3G58690","BraA09g46980R","BraA07g22000R","BraA07g22010R"
"AT3G58730","BraA09g47020R","BraA04g03290R","BraA07g22020R"
"AT3G59220","BraA09g47250R","BraA04g03150R","BraA04g03160R"
"AT3G59400","BraA09g47340R","BraA07g22240R","BraA07g22250R"
"AT3G59440","BraA09g47370R","BraA07g22260R","BraA07g22270R"
"AT3G59660","BraA09g47600R","BraA07g22330R","BraA07g22340R"
"AT3G60090","BraA09g47940R","BraA04g02720R","BraA07g22490R"
"AT3G60220","BraA09g48020R","BraA07g22530R","BraA07g22540R"
"AT3G60245","BraA09g48080R","BraA04g02600R","BraA07g22560R"
"AT3G60750","BraA09g48450R","BraA04g02280R","BraA07g22800R"
"AT3G60850","BraA09g48660R","BraA07g22840R","BraA07g22850R"
"AT3G61250","BraA09g48880R","BraA04g02010R","BraA07g23020R"
"AT3G61380","BraA09g48980R","BraA04g01950R","BraA04g01960R"
"AT3G61390","BraA09g48990R","BraA04g01940R","BraA07g23070R"
"AT3G61460","BraA09g49050R","BraA04g01900R","BraA07g23100R"
"AT3G61580","BraA09g49170R","BraA04g01850R","BraA07g23200R"
"AT3G61590","BraA09g49180R","BraA04g01830R","BraA07g23210R"
"AT3G61600","BraA09g49200R","BraA07g23220R","BraA07g23230R"
"AT3G61770","BraA09g49360R","BraA07g23340R","BraA07g23350R"
"AT3G61970","BraA09g49540R","BraA04g01640R","BraA07g23450R"
"AT3G62090","BraA09g49670R","BraA07g23460R","BraA07g23470R"
"AT3G62100","BraA09g49690R","BraA04g01600R","BraA07g23480R"
"AT3G62170","BraA09g49730R","BraA04g01590R","BraA07g23540R"
"AT3G62250","BraA09g49770R","BraA04g01550R","BraA07g23560R"
"AT3G62600","BraA09g49930R","BraA04g01480R","BraA07g23650R"
"AT3G62680","BraA09g50040R","BraA04g01460R","BraA07g23700R"
"AT3G62690","BraA09g50050R","BraA07g23710R","BraA07g23720R"
"AT3G62710","BraA09g50070R","BraA04g01440R","BraA07g23730R"
"AT3G62770","BraA09g50110R","BraA04g01400R","BraA07g23740R"
"AT3G62980","BraA09g50300R","BraA04g01290R","BraA07g23830R"
"AT3G63010","BraA09g50320R","BraA04g01270R","BraA07g23850R"
"AT3G63220","BraA05g26720R","BraA01g26230R","BraA03g38300R"
"AT3G63460","BraA09g50560R","BraA04g01040R","BraA07g23900R"
"AT4G00450","BraA09g01320R","BraA03g29760R","BraA03g29770R"
"AT4G00755","BraA09g01510R","BraA02g27570R","BraA03g29580R"
"AT4G01060","BraA09g01710R","BraA02g27660R","BraA03g29410R"
"AT4G01100","BraA09g01670R","BraA03g29440R","BraA03g29450R"
"AT4G02250","BraA09g02400R","BraA02g28110R","BraA03g28780R"
"AT4G02260","BraA09g02410R","BraA02g28120R","BraA02g28130R"
"AT4G02380","BraA09g02520R","BraA02g28190R","BraA03g28750R"
"AT4G02480","BraA09g02600R","BraA02g28270R","BraA03g28700R"
"AT4G02500","BraA09g02620R","BraA02g28310R","BraA03g28690R"
"AT4G02520","BraA09g02640R","BraA03g28670R","BraA03g28680R"
"AT4G02590","BraA09g02670R","BraA02g28370R","BraA03g28640R"
"AT4G02725","BraA09g02800R","BraA02g28480R","BraA02g28500R"
"AT4G03050","BraA09g02990R","BraA02g28690R","BraA03g28400R"
"AT4G10810","BraA09g27320R","BraA02g29990R","BraA03g26950R"
"AT4G11150","BraA09g27100R","BraA02g29880R","BraA03g27130R"
"AT4G12030","BraA09g26230R","BraA03g27380R","BraA03g27390R"
"AT4G12370","BraA09g26090R","BraA02g29220R","BraA03g27460R"
"AT4G12410","BraA09g26070R","BraA02g29180R","BraA03g27470R"
"AT4G12800","BraA04g10010R","BraA08g07570R","BraA08g07580R"
"AT4G13450","BraA04g09400R","BraA05g15350R","BraA08g08000R"
"AT4G14540","BraA05g29690R","BraA01g28640R","BraA03g36770R"
"AT4G15160","BraA01g14130R","BraA05g15770R","BraA08g11320R"
"AT4G15530","BraA01g13870R","BraA03g45420R","BraA03g45430R"
"AT4G15770","BraA01g13680R","BraA03g45570R","BraA08g11590R"
"AT4G15802","BraA01g13630R","BraA03g45590R","BraA08g11620R"
"AT4G15990","BraA01g13490R","BraA03g45750R","BraA08g11790R"
"AT4G16143","BraA01g13420R","BraA03g45830R","BraA08g11810R"
"AT4G16380","BraA01g13130R","BraA03g46000R","BraA08g11940R"
"AT4G16447","BraA01g13040R","BraA03g46060R","BraA08g12010R"
"AT4G16480","BraA01g12950R","BraA03g46090R","BraA03g46100R"
"AT4G16520","BraA01g12890R","BraA03g46160R","BraA08g12060R"
"AT4G16610","BraA01g12780R","BraA03g46250R","BraA08g12080R"
"AT4G16720","BraA01g12650R","BraA03g46340R","BraA08g12140R"
"AT4G17030","BraA01g12430R","BraA03g46390R","BraA03g46420R"
"AT4G17090","BraA01g12370R","BraA03g46460R","BraA08g12280R"
"AT4G17170","BraA01g12360R","BraA03g46480R","BraA08g12310R"
"AT4G17210","BraA01g12340R","BraA03g46490R","BraA08g12320R"
"AT4G17550","BraA01g01890R","BraA03g46640R","BraA08g12590R"
"AT4G17690","BraA01g02020R","BraA03g46740R","BraA03g46750R"
"AT4G17785","BraA01g02100R","BraA03g46910R","BraA08g12660R"
"AT4G17870","BraA01g02210R","BraA03g46990R","BraA08g12680R"
"AT4G18040","BraA01g02360R","BraA03g47120R","BraA08g12740R"
"AT4G18170","BraA01g02420R","BraA03g47210R","BraA08g12910R"
"AT4G18340","BraA01g02510R","BraA03g47320R","BraA08g13090R"
"AT4G18350","BraA01g02530R","BraA03g47330R","BraA03g47340R"
"AT4G18430","BraA01g02650R","BraA03g47400R","BraA08g13120R"
"AT4G18440","BraA01g02660R","BraA03g47410R","BraA08g13130R"
"AT4G18530","BraA01g02780R","BraA03g47480R","BraA08g13160R"
"AT4G18540","BraA01g02810R","BraA03g47510R","BraA08g13170R"
"AT4G18550","BraA01g02820R","BraA03g47520R","BraA08g13180R"
"AT4G18593","BraA01g02870R","BraA08g13220R","BraA08g13230R"
"AT4G18596","BraA01g02890R","BraA03g47540R","BraA08g13240R"
"AT4G18710","BraA01g03000R","BraA03g47590R","BraA08g13350R"
"AT4G18830","BraA01g03100R","BraA03g47680R","BraA08g13420R"
"AT4G18880","BraA01g03110R","BraA03g47730R","BraA08g13410R"
"AT4G18890","BraA01g03120R","BraA03g47740R","BraA08g13440R"
"AT4G19120","BraA01g03300R","BraA03g47860R","BraA08g13570R"
"AT4G20050","BraA01g04080R","BraA03g48240R","BraA03g48250R"
"AT4G20150","BraA01g04150R","BraA03g48290R","BraA08g14070R"
"AT4G20270","BraA01g04250R","BraA03g48370R","BraA08g14130R"
"AT4G20420","BraA01g04400R","BraA03g48420R","BraA08g14210R"
"AT4G20440","BraA01g04410R","BraA03g48430R","BraA08g14220R"
"AT4G20780","BraA01g04450R","BraA03g48450R","BraA08g14250R"
"AT4G20970","BraA01g04610R","BraA03g48570R","BraA08g14670R"
"AT4G21020","BraA01g04640R","BraA08g14630R","BraA08g14640R"
"AT4G21105","BraA01g04740R","BraA03g48600R","BraA08g14540R"
"AT4G21110","BraA01g04760R","BraA03g48610R","BraA08g14530R"
"AT4G21200","BraA01g04820R","BraA03g48660R","BraA08g14500R"
"AT4G21440","BraA01g05000R","BraA03g48740R","BraA08g14480R"
"AT4G21660","BraA01g05190R","BraA03g48850R","BraA08g14350R"
"AT4G21760","BraA01g05330R","BraA03g48950R","BraA03g48960R"
"AT4G22620","BraA01g06110R","BraA03g49460R","BraA08g15050R"
"AT4G22680","BraA01g06140R","BraA03g49470R","BraA08g15090R"
"AT4G22910","BraA01g06400R","BraA03g49740R","BraA03g58170R"
"AT4G22950","BraA01g06500R","BraA03g49770R","BraA08g15230R"
"AT4G22970","BraA01g06530R","BraA03g49780R","BraA08g15250R"
"AT4G23100","BraA01g06640R","BraA03g49910R","BraA03g57880R"
"AT4G23530","BraA01g07230R","BraA03g50250R","BraA08g15350R"
"AT4G23550","BraA01g07240R","BraA03g50260R","BraA08g15360R"
"AT4G23560","BraA01g07250R","BraA03g50270R","BraA06g42380R"
"AT4G25030","BraA01g08690R","BraA03g51210R","BraA03g51230R"
"AT4G25410","BraA01g08980R","BraA03g51530R","BraA08g20010R"
"AT4G25550","BraA01g09110R","BraA03g51630R","BraA08g19940R"
"AT4G25590","BraA01g09140R","BraA03g51690R","BraA08g19920R"
"AT4G25630","BraA01g09180R","BraA03g51740R","BraA08g19910R"
"AT4G25740","BraA01g09290R","BraA03g51790R","BraA08g19850R"
"AT4G26010","BraA01g09610R","BraA03g51910R","BraA03g51920R"
"AT4G26410","BraA01g09960R","BraA03g52170R","BraA03g52180R"
"AT4G26640","BraA01g10230R","BraA03g52290R","BraA08g19670R"
"AT4G26780","BraA01g10390R","BraA03g52370R","BraA08g19610R"
"AT4G27000","BraA01g10540R","BraA03g52440R","BraA08g19530R"
"AT4G27310","BraA01g10830R","BraA03g52600R","BraA08g19410R"
"AT4G27657","BraA01g11260R","BraA03g52820R","BraA08g19270R"
"AT4G27890","BraA01g11470R","BraA03g52990R","BraA03g53000R"
"AT4G27950","BraA01g11530R","BraA03g53020R","BraA08g19180R"
"AT4G27970","BraA01g11550R","BraA03g53050R","BraA08g19160R"
"AT4G28140","BraA01g11710R","BraA03g53190R","BraA08g19110R"
"AT4G28270","BraA01g11830R","BraA03g53280R","BraA08g19060R"
"AT4G28300","BraA01g11870R","BraA03g53310R","BraA08g19030R"
"AT4G28460","BraA01g01760R","BraA03g53440R","BraA08g18950R"
"AT4G28470","BraA01g01750R","BraA03g53450R","BraA08g18940R"
"AT4G28530","BraA01g01680R","BraA03g53510R","BraA08g18890R"
"AT4G28540","BraA01g01670R","BraA03g53540R","BraA08g18870R"
"AT4G28890","BraA01g01370R","BraA03g53760R","BraA08g18730R"
"AT4G29020","BraA01g01300R","BraA03g53900R","BraA08g18700R"
"AT4G29100","BraA01g01180R","BraA03g53950R","BraA08g18600R"
"AT4G29140","BraA01g01170R","BraA03g53970R","BraA08g18590R"
"AT4G29190","BraA01g01030R","BraA03g54010R","BraA08g18580R"
"AT4G29300","BraA01g04460R","BraA08g17750R","BraA08g17760R"
"AT4G36470","BraA08g20620R","BraA03g59200R","BraA08g18810R"
"AT4G36800","BraA08g20830R","BraA03g52890R","BraA03g59460R"
"AT4G38920","BraA08g22180R","BraA03g56450R","BraA06g42440R"
"AT4G38970","BraA08g22160R","BraA06g42390R","BraA06g42400R"
"AT4G39400","BraA08g21890R","BraA06g42180R","BraA06g42190R"
"AT4G39780","BraA08g21670R","BraA03g60570R","BraA06g41960R"
"AT5G01060","BraA10g31830R","BraA02g01390R","BraA02g01400R"
"AT5G02030","BraA10g31790R","BraA02g01440R","BraA03g01450R"
"AT5G02130","BraA10g31710R","BraA03g01500R","BraA03g01510R"
"AT5G02260","BraA10g31630R","BraA02g01490R","BraA03g01540R"
"AT5G02310","BraA10g31590R","BraA02g01510R","BraA03g01580R"
"AT5G02380","BraA10g31560R","BraA02g01520R","BraA03g01590R"
"AT5G02460","BraA10g31450R","BraA02g01570R","BraA03g01630R"
"AT5G02550","BraA10g31380R","BraA02g01590R","BraA03g01690R"
"AT5G02760","BraA10g31280R","BraA02g01640R","BraA03g01760R"
"AT5G02770","BraA10g31270R","BraA02g01650R","BraA02g06500R"
"AT5G03040","BraA10g31140R","BraA02g01730R","BraA03g01840R"
"AT5G03380","BraA10g30920R","BraA02g01910R","BraA03g01980R"
"AT5G03510","BraA10g30860R","BraA02g01960R","BraA03g02050R"
"AT5G03680","BraA10g30770R","BraA02g02030R","BraA03g02160R"
"AT5G03840","BraA10g30620R","BraA02g02090R","BraA03g02250R"
"AT5G03940","BraA10g30550R","BraA02g02140R","BraA02g02150R"
"AT5G04390","BraA10g30140R","BraA02g02320R","BraA03g02490R"
"AT5G04470","BraA10g30070R","BraA02g02360R","BraA03g02540R"
"AT5G04930","BraA10g29700R","BraA03g02710R","BraA03g02720R"
"AT5G05010","BraA10g29640R","BraA02g02540R","BraA03g02780R"
"AT5G05140","BraA10g29560R","BraA02g02580R","BraA03g02870R"
"AT5G05340","BraA10g29390R","BraA02g02660R","BraA03g02940R"
"AT5G05410","BraA10g29320R","BraA02g02680R","BraA03g02960R"
"AT5G05980","BraA10g28890R","BraA02g02860R","BraA03g03150R"
"AT5G05990","BraA10g28880R","BraA03g03160R","BraA03g03170R"
"AT5G06060","BraA10g28860R","BraA02g02870R","BraA02g02880R"
"AT5G06120","BraA10g28790R","BraA02g02890R","BraA02g02900R"
"AT5G06700","BraA10g28290R","BraA02g03120R","BraA03g03480R"
"AT5G06800","BraA10g28200R","BraA02g03170R","BraA03g03530R"
"AT5G06820","BraA10g28170R","BraA03g03540R","BraA03g03550R"
"AT5G07010","BraA10g27560R","BraA02g03230R","BraA03g03680R"
"AT5G07210","BraA10g27730R","BraA02g03300R","BraA03g03760R"
"AT5G07240","BraA10g27760R","BraA03g03770R","BraA03g03780R"
"AT5G07310","BraA10g27830R","BraA02g03320R","BraA03g03800R"
"AT5G07580","BraA10g27980R","BraA02g03450R","BraA02g03460R"
"AT5G08190","BraA10g27280R","BraA02g03690R","BraA03g04230R"
"AT5G08200","BraA10g27270R","BraA02g03700R","BraA03g04240R"
"AT5G08280","BraA10g27220R","BraA02g03710R","BraA03g04270R"
"AT5G08330","BraA10g27160R","BraA02g03770R","BraA03g04320R"
"AT5G08530","BraA10g27040R","BraA03g04490R","BraA03g04500R"
"AT5G08660","BraA10g26930R","BraA02g03890R","BraA02g03900R"
"AT5G09330","BraA10g26780R","BraA02g04000R","BraA03g04660R"
"AT5G09550","BraA10g26670R","BraA02g04080R","BraA03g04710R"
"AT5G09650","BraA10g26620R","BraA02g04110R","BraA03g04740R"
"AT5G09900","BraA10g26470R","BraA02g04260R","BraA03g04850R"
"AT5G10010","BraA10g26370R","BraA02g04320R","BraA03g04890R"
"AT5G10090","BraA10g26300R","BraA02g04370R","BraA03g04930R"
"AT5G10280","BraA10g26150R","BraA02g04460R","BraA03g05010R"
"AT5G10420","BraA10g26020R","BraA02g04510R","BraA03g05050R"
"AT5G11000","BraA10g25610R","BraA02g04790R","BraA02g04800R"
"AT5G11070","BraA10g25560R","BraA02g04830R","BraA03g05370R"
"AT5G11090","BraA10g25540R","BraA02g04840R","BraA03g05390R"
"AT5G11170","BraA10g25470R","BraA02g04880R","BraA03g05410R"
"AT5G11240","BraA10g25420R","BraA02g04930R","BraA02g04940R"
"AT5G11320","BraA10g25340R","BraA02g04950R","BraA02g04970R"
"AT5G11560","BraA10g25130R","BraA02g05080R","BraA03g05550R"
"AT5G11730","BraA10g25000R","BraA02g05170R","BraA03g05630R"
"AT5G11910","BraA10g24880R","BraA03g05730R","BraA03g05740R"
"AT5G11960","BraA10g24840R","BraA02g05290R","BraA02g05300R"
"AT5G12050","BraA10g24770R","BraA02g05360R","BraA03g05820R"
"AT5G12120","BraA10g24750R","BraA02g05400R","BraA03g05860R"
"AT5G12400","BraA10g24520R","BraA02g05500R","BraA03g06010R"
"AT5G12840","BraA10g24420R","BraA02g05520R","BraA03g06080R"
"AT5G12870","BraA10g24390R","BraA02g05540R","BraA03g06090R"
"AT5G13150","BraA10g24170R","BraA03g06230R","BraA03g06240R"
"AT5G13160","BraA10g24160R","BraA02g05690R","BraA03g06250R"
"AT5G13170","BraA10g24150R","BraA02g05700R","BraA03g06260R"
"AT5G13180","BraA10g24140R","BraA02g05710R","BraA03g06270R"
"AT5G13220","BraA10g24110R","BraA02g05740R","BraA03g06300R"
"AT5G13250","BraA10g24080R","BraA02g05760R","BraA03g06310R"
"AT5G13320","BraA10g24010R","BraA02g05790R","BraA03g06340R"
"AT5G13330","BraA10g24000R","BraA02g05810R","BraA03g06350R"
"AT5G13390","BraA10g23970R","BraA02g05840R","BraA02g05850R"
"AT5G13420","BraA10g23960R","BraA02g05870R","BraA03g06370R"
"AT5G13450","BraA10g23950R","BraA02g05910R","BraA03g06380R"
"AT5G13620","BraA10g23800R","BraA02g06000R","BraA02g06010R"
"AT5G13670","BraA10g23770R","BraA02g06040R","BraA02g06050R"
"AT5G13730","BraA10g23740R","BraA02g06080R","BraA02g06090R"
"AT5G13740","BraA10g23730R","BraA02g06100R","BraA03g06500R"
"AT5G13820","BraA10g23660R","BraA02g06150R","BraA03g06540R"
"AT5G13910","BraA10g23600R","BraA02g06180R","BraA03g06570R"
"AT5G13990","BraA10g23580R","BraA02g06210R","BraA03g06620R"
"AT5G14010","BraA10g23560R","BraA02g06220R","BraA03g06640R"
"AT5G14030","BraA10g23540R","BraA02g06230R","BraA03g06680R"
"AT5G14040","BraA10g23530R","BraA02g06240R","BraA03g06690R"
"AT5G14070","BraA10g23510R","BraA02g06260R","BraA03g06720R"
"AT5G14320","BraA10g23380R","BraA02g06320R","BraA03g06850R"
"AT5G14330","BraA10g23370R","BraA02g06330R","BraA03g06860R"
"AT5G14420","BraA10g23290R","BraA02g06390R","BraA03g06930R"
"AT5G14480","BraA10g23250R","BraA02g06410R","BraA03g06960R"
"AT5G15110","BraA10g22920R","BraA02g06830R","BraA03g07170R"
"AT5G15130","BraA10g22880R","BraA02g06850R","BraA03g07190R"
"AT5G15150","BraA10g22860R","BraA02g06860R","BraA03g07210R"
"AT5G15160","BraA10g22850R","BraA02g06880R","BraA03g07220R"
"AT5G15190","BraA10g22830R","BraA02g06900R","BraA03g07240R"
"AT5G15200","BraA10g22820R","BraA02g06910R","BraA03g07250R"
"AT5G15220","BraA10g22800R","BraA02g06920R","BraA03g07260R"
"AT5G15310","BraA10g22670R","BraA02g06970R","BraA03g07320R"
"AT5G15450","BraA10g22590R","BraA02g06990R","BraA02g07000R"
"AT5G15470","BraA10g22560R","BraA02g07010R","BraA03g07370R"
"AT5G15490","BraA10g22550R","BraA02g07030R","BraA03g07390R"
"AT5G15550","BraA10g22510R","BraA02g07070R","BraA03g07420R"
"AT5G15830","BraA10g22300R","BraA02g07220R","BraA03g07580R"
"AT5G16010","BraA10g22170R","BraA02g07300R","BraA03g07650R"
"AT5G16130","BraA10g22040R","BraA02g07400R","BraA03g07690R"
"AT5G16170","BraA10g22010R","BraA02g07410R","BraA03g07710R"
"AT5G16210","BraA10g21980R","BraA02g07420R","BraA02g07430R"
"AT5G16470","BraA10g21830R","BraA02g07530R","BraA03g07870R"
"AT5G16480","BraA10g21820R","BraA02g07540R","BraA02g07550R"
"AT5G16830","BraA10g21540R","BraA02g07750R","BraA03g08060R"
"AT5G17230","BraA10g21320R","BraA02g07930R","BraA03g08200R"
"AT5G17300","BraA10g21270R","BraA02g07990R","BraA03g08240R"
"AT5G17760","BraA10g20940R","BraA02g08230R","BraA03g08470R"
"AT5G17770","BraA10g20930R","BraA02g08240R","BraA03g08480R"
"AT5G17800","BraA10g20900R","BraA02g08250R","BraA03g08510R"
"AT5G17870","BraA10g20830R","BraA02g08350R","BraA03g08540R"
"AT5G17920","BraA10g20790R","BraA02g08360R","BraA03g08570R"
"AT5G17990","BraA10g20750R","BraA02g08390R","BraA02g08400R"
"AT5G18190","BraA10g20550R","BraA02g08570R","BraA03g08710R"
"AT5G18270","BraA10g20470R","BraA02g08590R","BraA03g08750R"
"AT5G18450","BraA10g20380R","BraA02g08660R","BraA03g08850R"
"AT5G18500","BraA10g20340R","BraA02g08720R","BraA03g08880R"
"AT5G18520","BraA10g20320R","BraA02g08730R","BraA03g08890R"
"AT5G18550","BraA10g20290R","BraA02g08750R","BraA03g08900R"
"AT5G18560","BraA10g20280R","BraA02g08760R","BraA03g08920R"
"AT5G18930","BraA10g20030R","BraA02g08880R","BraA03g09120R"
"AT5G19190","BraA10g19790R","BraA02g08990R","BraA03g09270R"
"AT5G19350","BraA10g19680R","BraA03g09330R","BraA03g09340R"
"AT5G19560","BraA10g19500R","BraA02g09170R","BraA03g09400R"
"AT5G19690","BraA10g19410R","BraA02g09260R","BraA03g09440R"
"AT5G19770","BraA10g19360R","BraA02g09310R","BraA03g09470R"
"AT5G19780","BraA10g19340R","BraA02g09320R","BraA03g09480R"
"AT5G19790","BraA10g19350R","BraA02g09330R","BraA03g09490R"
"AT5G19820","BraA10g19330R","BraA02g09340R","BraA03g09500R"
"AT5G19855","BraA10g19310R","BraA02g09360R","BraA03g09530R"
"AT5G19990","BraA10g19180R","BraA02g09490R","BraA03g09590R"
"AT5G20190","BraA10g19160R","BraA02g09600R","BraA03g09730R"
"AT5G20240","BraA10g19120R","BraA02g09630R","BraA03g09750R"
"AT5G20250","BraA10g19110R","BraA02g09640R","BraA02g09650R"
"AT5G20290","BraA10g19070R","BraA02g09670R","BraA03g09780R"
"AT5G20330","BraA10g19030R","BraA02g09690R","BraA02g09800R"
"AT5G20350","BraA10g19020R","BraA02g09700R","BraA03g09800R"
"AT5G20650","BraA10g18800R","BraA02g09880R","BraA03g09960R"
"AT5G20670","BraA10g18790R","BraA02g09900R","BraA03g09970R"
"AT5G20790","BraA10g18680R","BraA02g09970R","BraA03g10010R"
"AT5G20810","BraA10g18670R","BraA02g09980R","BraA03g10020R"
"AT5G20820","BraA10g18660R","BraA02g10010R","BraA03g10030R"
"AT5G20840","BraA10g18640R","BraA02g10020R","BraA03g10050R"
"AT5G20885","BraA10g18610R","BraA02g10070R","BraA03g10080R"
"AT5G20890","BraA10g18600R","BraA02g10080R","BraA03g10090R"
"AT5G20920","BraA10g18570R","BraA02g10090R","BraA02g10100R"
"AT5G20970","BraA10g18520R","BraA02g10150R","BraA03g10130R"
"AT5G21090","BraA10g18440R","BraA02g10190R","BraA03g10170R"
"AT5G21274","BraA10g18350R","BraA02g10310R","BraA03g10190R"
"AT5G21280","BraA10g18220R","BraA02g10390R","BraA03g10250R"
"AT5G21940","BraA10g18260R","BraA02g10360R","BraA03g10220R"
"AT5G21960","BraA10g18240R","BraA02g10380R","BraA03g10230R"
"AT5G21990","BraA10g18200R","BraA02g10400R","BraA03g10270R"
"AT5G22090","BraA10g18150R","BraA02g10450R","BraA03g10350R"
"AT5G22270","BraA10g18040R","BraA02g10560R","BraA03g10440R"
"AT5G22290","BraA10g18030R","BraA02g10580R","BraA03g10460R"
"AT5G22330","BraA10g18000R","BraA02g10610R","BraA03g10480R"
"AT5G22380","BraA10g17980R","BraA02g10650R","BraA03g10510R"
"AT5G22460","BraA10g17870R","BraA02g10720R","BraA03g10540R"
"AT5G22740","BraA10g17750R","BraA02g10880R","BraA03g10590R"
"AT5G23260","BraA03g43170R","BraA02g43560R","BraA09g07320R"
"AT5G23400","BraA06g29040R","BraA09g07230R","BraA09g07240R"
"AT5G23740","BraA06g29270R","BraA02g43450R","BraA09g07080R"
"AT5G23890","BraA06g29340R","BraA09g07030R","BraA09g07040R"
"AT5G23940","BraA06g29390R","BraA02g43410R","BraA02g43420R"
"AT5G24030","BraA06g29550R","BraA02g43390R","BraA09g06970R"
"AT5G24110","BraA06g29660R","BraA09g06920R","BraA09g06930R"
"AT5G24160","BraA06g29700R","BraA02g43350R","BraA02g43360R"
"AT5G24470","BraA06g29990R","BraA02g43100R","BraA09g06770R"
"AT5G24530","BraA06g30020R","BraA02g43070R","BraA02g43080R"
"AT5G24890","BraA06g30430R","BraA02g42890R","BraA09g06680R"
"AT5G25120","BraA06g30570R","BraA02g42780R","BraA02g42830R"
"AT5G25160","BraA06g30620R","BraA02g42810R","BraA09g06590R"
"AT5G25190","BraA06g30660R","BraA02g42770R","BraA09g06580R"
"AT5G25610","BraA06g31030R","BraA02g42490R","BraA09g06460R"
"AT5G25620","BraA06g31040R","BraA02g42480R","BraA09g06450R"
"AT5G26050","BraA06g31280R","BraA02g41980R","BraA09g06270R"
"AT5G26170","BraA06g31350R","BraA02g42020R","BraA09g06240R"
"AT5G26620","BraA06g31670R","BraA02g41870R","BraA09g05980R"
"AT5G26660","BraA06g31620R","BraA02g42300R","BraA09g06000R"
"AT5G26690","BraA06g31590R","BraA02g42280R","BraA02g42290R"
"AT5G26700","BraA06g31580R","BraA02g42270R","BraA09g06020R"
"AT5G26717","BraA06g31520R","BraA02g42190R","BraA09g06100R"
"AT5G26742","BraA06g31530R","BraA02g42200R","BraA09g06070R"
"AT5G26780","BraA07g34240R","BraA07g28040R","BraA07g28050R"
"AT5G26800","BraA06g31730R","BraA02g41850R","BraA09g05940R"
"AT5G26920","BraA06g31780R","BraA02g41780R","BraA09g05890R"
"AT5G26990","BraA06g31820R","BraA02g41770R","BraA09g05840R"
"AT5G27030","BraA06g31840R","BraA02g41750R","BraA09g05810R"
"AT5G27120","BraA06g32300R","BraA02g41390R","BraA09g05410R"
"AT5G27240","BraA06g32240R","BraA02g41430R","BraA09g05480R"
"AT5G27670","BraA06g32010R","BraA02g41600R","BraA09g05650R"
"AT5G27700","BraA06g31990R","BraA02g41620R","BraA09g05660R"
"AT5G27850","BraA06g31930R","BraA02g41680R","BraA09g05720R"
"AT5G27880","BraA06g31900R","BraA02g41710R","BraA09g05740R"
"AT5G27980","BraA06g32340R","BraA02g41360R","BraA09g05400R"
"AT5G28490","BraA06g32470R","BraA02g41300R","BraA09g05180R"
"AT5G28640","BraA06g32520R","BraA02g41250R","BraA09g05210R"
"AT5G28750","BraA06g32610R","BraA02g41210R","BraA09g05240R"
"AT5G35620","BraA04g10660R","BraA05g15280R","BraA08g09560R"
"AT5G36260","BraA04g10310R","BraA05g15130R","BraA08g09440R"
"AT5G38530","BraA04g12030R","BraA04g14290R","BraA07g18200R"
"AT5G39670","BraA04g12850R","BraA04g14490R","BraA07g18480R"
"AT5G39900","BraA04g13110R","BraA07g18530R","BraA07g18540R"
"AT5G41880","BraA04g13980R","BraA07g19230R","BraA07g19240R"
"AT5G42050","BraA04g14070R","BraA07g19330R","BraA07g19340R"
"AT5G42080","BraA04g14090R","BraA07g19150R","BraA07g19350R"
"AT5G42760","BraA06g41870R","BraA09g19600R","BraA09g19610R"
"AT5G43060","BraA06g41720R","BraA02g31280R","BraA02g31290R"
"AT5G43340","BraA06g41540R","BraA02g31530R","BraA09g19960R"
"AT5G43650","BraA06g41410R","BraA09g20090R","BraA09g20100R"
"AT5G43870","BraA06g41320R","BraA02g31790R","BraA02g31800R"
"AT5G43940","BraA06g41280R","BraA09g20250R","BraA09g20260R"
"AT5G44005","BraA06g41220R","BraA02g31840R","BraA09g20280R"
"AT5G44020","BraA06g41190R","BraA02g31850R","BraA09g20300R"
"AT5G44540","BraA06g40840R","BraA02g32200R","BraA09g20750R"
"AT5G44610","BraA06g40780R","BraA02g32220R","BraA09g20770R"
"AT5G44720","BraA06g40710R","BraA09g20850R","BraA09g20860R"
"AT5G44790","BraA06g40590R","BraA09g20880R","BraA09g20890R"
"AT5G45340","BraA06g40420R","BraA02g32660R","BraA09g21330R"
"AT5G45430","BraA06g40360R","BraA02g32770R","BraA09g21460R"
"AT5G45775","BraA06g40140R","BraA02g32960R","BraA09g21580R"
"AT5G45880","BraA06g40040R","BraA02g33010R","BraA09g21660R"
"AT5G46100","BraA06g39940R","BraA02g33220R","BraA02g33230R"
"AT5G46140","BraA06g41020R","BraA02g33260R","BraA09g21740R"
"AT5G46350","BraA06g39780R","BraA02g33410R","BraA09g21890R"
"AT5G46630","BraA06g39650R","BraA02g33670R","BraA09g22070R"
"AT5G46700","BraA06g39620R","BraA02g33690R","BraA09g22120R"
"AT5G46800","BraA06g39530R","BraA02g33820R","BraA09g22180R"
"AT5G46900","BraA06g39430R","BraA09g22260R","BraA09g22290R"
"AT5G46930","BraA06g39410R","BraA02g34080R","BraA09g22310R"
"AT5G47000","BraA06g39360R","BraA02g34220R","BraA09g22340R"
"AT5G47030","BraA06g39330R","BraA02g34240R","BraA09g22400R"
"AT5G47050","BraA06g39310R","BraA02g34260R","BraA09g22420R"
"AT5G47110","BraA06g39270R","BraA02g34430R","BraA09g22500R"
"AT5G47140","BraA06g39250R","BraA02g34450R","BraA09g22520R"
"AT5G47180","BraA06g39210R","BraA02g34470R","BraA09g22540R"
"AT5G47230","BraA06g39160R","BraA02g34560R","BraA09g22600R"
"AT5G47240","BraA06g39150R","BraA09g22610R","BraA09g22620R"
"AT5G47450","BraA06g39070R","BraA02g34960R","BraA02g34970R"
"AT5G47560","BraA06g38980R","BraA02g35050R","BraA09g22740R"
"AT5G47570","BraA06g38970R","BraA02g35060R","BraA09g22760R"
"AT5G47680","BraA06g38900R","BraA09g22810R","BraA09g22820R"
"AT5G48140","BraA06g33760R","BraA02g40220R","BraA02g40230R"
"AT5G50830","BraA10g08830R","BraA02g16860R","BraA03g15570R"
"AT5G50850","BraA10g08850R","BraA02g16820R","BraA03g15550R"
"AT5G51100","BraA10g08940R","BraA03g15400R","BraA03g15410R"
"AT5G51230","BraA10g09020R","BraA02g16700R","BraA03g15310R"
"AT5G51480","BraA10g09410R","BraA02g16590R","BraA03g15220R"
"AT5G51490","BraA10g09420R","BraA02g16580R","BraA03g15210R"
"AT5G51590","BraA10g09510R","BraA02g16520R","BraA03g15150R"
"AT5G52360","BraA10g09970R","BraA02g16220R","BraA03g14810R"
"AT5G52870","BraA10g10340R","BraA02g15930R","BraA03g14700R"
"AT5G52890","BraA10g10400R","BraA02g15920R","BraA03g14670R"
"AT5G52900","BraA10g10440R","BraA02g15910R","BraA03g14660R"
"AT5G52920","BraA10g10480R","BraA02g15890R","BraA02g15900R"
"AT5G53130","BraA10g10680R","BraA02g15720R","BraA02g15730R"
"AT5G53160","BraA10g10760R","BraA02g15700R","BraA03g14540R"
"AT5G53170","BraA10g10770R","BraA02g15690R","BraA03g14530R"
"AT5G53210","BraA10g10810R","BraA02g15650R","BraA03g14500R"
"AT5G53250","BraA10g10840R","BraA02g15620R","BraA03g14490R"
"AT5G53290","BraA10g10870R","BraA02g15600R","BraA03g14450R"
"AT5G53300","BraA10g10900R","BraA02g15590R","BraA03g14440R"
"AT5G53400","BraA10g10970R","BraA02g15540R","BraA03g14390R"
"AT5G53420","BraA10g10980R","BraA02g15530R","BraA03g14380R"
"AT5G53500","BraA10g11040R","BraA02g15480R","BraA03g14350R"
"AT5G53590","BraA10g11160R","BraA02g15410R","BraA03g14310R"
"AT5G53870","BraA10g11430R","BraA02g15270R","BraA03g14240R"
"AT5G54270","BraA10g11710R","BraA02g15000R","BraA02g15010R"
"AT5G54310","BraA10g11750R","BraA02g14960R","BraA03g14020R"
"AT5G54490","BraA10g11880R","BraA02g14850R","BraA02g14860R"
"AT5G54730","BraA10g12090R","BraA02g14730R","BraA03g13850R"
"AT5G54770","BraA10g12120R","BraA02g14720R","BraA03g13840R"
"AT5G54800","BraA10g12150R","BraA02g14680R","BraA03g13820R"
"AT5G55020","BraA10g12320R","BraA02g14610R","BraA03g13730R"
"AT5G55060","BraA10g12350R","BraA02g14590R","BraA03g13700R"
"AT5G55090","BraA10g12360R","BraA02g14570R","BraA03g13680R"
"AT5G55180","BraA10g12430R","BraA02g14470R","BraA03g13630R"
"AT5G55230","BraA10g12510R","BraA02g14440R","BraA03g13600R"
"AT5G55380","BraA10g12640R","BraA02g14360R","BraA02g14370R"
"AT5G55560","BraA10g12790R","BraA02g14290R","BraA03g13470R"
"AT5G55670","BraA10g12990R","BraA02g14230R","BraA03g13390R"
"AT5G55810","BraA10g13030R","BraA03g13320R","BraA03g13330R"
"AT5G55850","BraA10g13060R","BraA02g14170R","BraA03g13300R"
"AT5G55860","BraA10g13080R","BraA03g13280R","BraA03g13290R"
"AT5G56200","BraA10g13400R","BraA02g14020R","BraA03g13170R"
"AT5G56260","BraA10g13480R","BraA02g13980R","BraA03g13140R"
"AT5G56510","BraA10g13750R","BraA02g13850R","BraA03g12960R"
"AT5G56710","BraA10g13920R","BraA02g13770R","BraA03g12850R"
"AT5G56860","BraA10g14020R","BraA02g13720R","BraA03g12750R"
"AT5G56980","BraA10g14220R","BraA02g13610R","BraA02g13620R"
"AT5G57000","BraA10g14250R","BraA02g13600R","BraA03g12640R"
"AT5G57035","BraA10g14300R","BraA03g12590R","BraA03g12600R"
"AT5G57090","BraA10g14340R","BraA02g13540R","BraA03g12570R"
"AT5G57220","BraA10g14510R","BraA02g13430R","BraA03g12530R"
"AT5G57300","BraA10g14570R","BraA02g13390R","BraA03g12490R"
"AT5G57320","BraA10g14580R","BraA02g13380R","BraA03g12480R"
"AT5G57330","BraA10g14590R","BraA02g13370R","BraA03g12470R"
"AT5G57345","BraA10g14610R","BraA02g13350R","BraA02g13360R"
"AT5G57460","BraA10g14720R","BraA03g12410R","BraA03g12420R"
"AT5G57490","BraA10g14750R","BraA02g13270R","BraA03g12390R"
"AT5G57625","BraA10g14830R","BraA02g13140R","BraA03g12320R"
"AT5G57655","BraA10g14870R","BraA02g13120R","BraA02g13130R"
"AT5G57685","BraA10g14920R","BraA02g13100R","BraA03g12300R"
"AT5G57860","BraA10g15060R","BraA02g12960R","BraA03g12200R"
"AT5G57990","BraA10g15110R","BraA02g12890R","BraA03g12160R"
"AT5G58010","BraA10g15140R","BraA02g12870R","BraA03g12130R"
"AT5G58020","BraA10g15150R","BraA02g12840R","BraA02g12850R"
"AT5G58030","BraA10g15160R","BraA02g12770R","BraA03g12120R"
"AT5G58580","BraA10g15620R","BraA02g12420R","BraA03g11770R"
"AT5G58710","BraA10g15750R","BraA02g12390R","BraA03g11720R"
"AT5G58770","BraA10g15790R","BraA02g12350R","BraA02g12360R"
"AT5G58950","BraA10g15940R","BraA02g12290R","BraA03g11620R"
"AT5G59020","BraA10g16020R","BraA02g12040R","BraA02g12250R"
"AT5G59030","BraA10g16210R","BraA02g12100R","BraA03g11490R"
"AT5G59040","BraA10g16190R","BraA02g12110R","BraA03g11500R"
"AT5G59050","BraA10g16180R","BraA02g12120R","BraA03g11510R"
"AT5G59140","BraA10g16120R","BraA03g11540R","BraA03g11550R"
"AT5G59160","BraA10g16100R","BraA02g12170R","BraA03g11560R"
"AT5G59350","BraA10g16310R","BraA02g12010R","BraA03g11450R"
"AT5G59550","BraA10g16450R","BraA02g11920R","BraA03g11330R"
"AT5G59590","BraA10g16470R","BraA02g11900R","BraA03g11320R"
"AT5G59613","BraA10g16520R","BraA02g11870R","BraA03g11300R"
"AT5G59740","BraA10g16650R","BraA02g11770R","BraA03g11240R"
"AT5G59780","BraA10g16680R","BraA02g11720R","BraA03g11230R"
"AT5G59870","BraA10g16750R","BraA02g11610R","BraA03g11170R"
"AT5G60200","BraA10g17000R","BraA02g11440R","BraA03g11020R"
"AT5G60210","BraA10g17010R","BraA02g11430R","BraA03g11010R"
"AT5G60340","BraA10g17150R","BraA03g10900R","BraA03g10910R"
"AT5G60450","BraA10g17210R","BraA02g11240R","BraA02g11270R"
"AT5G60615","BraA10g17330R","BraA03g10820R","BraA03g10830R"
"AT5G60660","BraA10g17380R","BraA02g11160R","BraA03g10800R"
"AT5G60700","BraA10g17440R","BraA02g11120R","BraA02g11130R"
"AT5G60760","BraA10g17470R","BraA02g11080R","BraA02g11090R"
"AT5G60800","BraA10g17510R","BraA02g11060R","BraA03g10770R"
"AT5G60850","BraA03g42930R","BraA02g43710R","BraA09g07400R"
"AT5G60890","BraA03g42900R","BraA02g43720R","BraA09g07420R"
"AT5G60910","BraA03g42880R","BraA02g43770R","BraA09g07440R"
"AT5G60920","BraA03g42870R","BraA02g43780R","BraA09g07450R"
"AT5G60990","BraA03g42800R","BraA02g43810R","BraA02g43820R"
"AT5G61060","BraA03g42780R","BraA09g07480R","BraA09g07490R"
"AT5G61170","BraA03g42760R","BraA02g43890R","BraA09g07510R"
"AT5G61340","BraA03g42630R","BraA02g44080R","BraA09g07550R"
"AT5G61420","BraA03g42560R","BraA02g44060R","BraA09g07610R"
"AT5G61790","BraA06g23780R","BraA02g44100R","BraA09g07750R"
"AT5G62000","BraA06g24020R","BraA02g44200R","BraA09g07780R"
"AT5G62260","BraA06g24310R","BraA02g44420R","BraA09g07900R"
"AT5G62280","BraA06g24330R","BraA02g44440R","BraA09g07910R"
"AT5G62470","BraA06g24510R","BraA02g44570R","BraA09g07970R"
"AT5G62700","BraA06g19500R","BraA01g15280R","BraA06g22430R"
"AT5G62890","BraA06g24940R","BraA02g44780R","BraA09g08180R"
"AT5G62950","BraA06g25060R","BraA02g44800R","BraA09g08210R"
"AT5G63050","BraA06g25140R","BraA09g08300R","BraA09g08310R"
"AT5G63450","BraA06g25380R","BraA02g44960R","BraA09g08520R"
"AT5G63550","BraA06g25470R","BraA02g45060R","BraA09g08620R"
"AT5G63590","BraA06g25520R","BraA02g45070R","BraA02g45080R"
"AT5G63680","BraA06g25590R","BraA09g08670R","BraA09g08680R"
"AT5G63840","BraA06g25700R","BraA09g08710R","BraA09g08720R"
"AT5G64030","BraA06g25870R","BraA02g45310R","BraA02g45320R"
"AT5G64080","BraA06g25920R","BraA02g45340R","BraA02g45350R"
"AT5G64350","BraA06g26120R","BraA02g45470R","BraA09g08920R"
"AT5G64530","BraA06g26280R","BraA02g45530R","BraA09g08960R"
"AT5G64550","BraA06g26300R","BraA02g45540R","BraA09g08970R"
"AT5G64560","BraA06g26310R","BraA02g45550R","BraA09g08980R"
"AT5G64570","BraA06g26320R","BraA02g45560R","BraA09g08990R"
"AT5G64640","BraA06g26380R","BraA09g09040R","BraA09g09050R"
"AT5G64740","BraA06g26510R","BraA02g45620R","BraA09g09170R"
"AT5G64750","BraA06g26520R","BraA02g45640R","BraA09g09180R"
"AT5G64810","BraA06g26550R","BraA02g45670R","BraA09g09220R"
"AT5G65170","BraA06g26900R","BraA02g45850R","BraA09g09300R"
"AT5G65210","BraA06g26940R","BraA02g45900R","BraA09g09310R"
"AT5G65300","BraA06g27020R","BraA02g45950R","BraA09g09330R"
"AT5G65410","BraA06g27140R","BraA02g46050R","BraA09g09390R"
"AT5G65420","BraA06g27150R","BraA02g46060R","BraA09g09400R"
"AT5G65590","BraA06g27340R","BraA02g46120R","BraA09g09460R"
"AT5G65660","BraA06g27440R","BraA02g46140R","BraA09g09470R"
"AT5G65670","BraA06g27450R","BraA02g46150R","BraA09g09480R"
"AT5G65790","BraA06g27570R","BraA02g46180R","BraA09g09520R"
"AT5G65800","BraA06g27590R","BraA02g46190R","BraA09g09530R"
"AT5G66510","BraA07g16190R","BraA02g46630R","BraA02g46640R"
"AT5G66570","BraA07g16120R","BraA02g46620R","BraA09g10250R"
"AT5G66580","BraA07g16110R","BraA02g46610R","BraA09g10240R"
"AT5G66680","BraA07g16050R","BraA02g46550R","BraA09g10160R"
"AT5G66700","BraA07g16030R","BraA02g46530R","BraA09g10140R"
"AT5G66870","BraA07g15820R","BraA02g46410R","BraA09g10030R"
"AT5G67410","BraA07g15370R","BraA09g09710R","BraA09g09720R"
"AT5G67420","BraA07g15350R","BraA02g46320R","BraA09g09700R"
"AT5G67450","BraA06g27890R","BraA02g46310R","BraA09g09680R"
"AT5G67620","BraA06g27740R","BraA02g46230R","BraA09g09610R"
"AT5G67630","BraA06g27730R","BraA09g09590R","BraA09g09600R"
